CommonName,CA,SerialNumber,LogIndex1,LogName1,LogYear1,Type1,LogTime1,LogIndex2,LogName2,LogYear2,Type2,LogTime2,RawCertificate
blt.su,Russian Trusted Sub CA,60A2F5A07FAA11EFABC70242AC120002,4289,MDC,2025,precert,2024-10-01 04:05:21.472,4982,MDC,2024,precert,2024-10-01 04:05:21.472,MIIFYDCCA0igAwIBAgIQYKL1oH+qEe+rxwJCrBIAAjANBgkqhkiG9w0BAQsFADBvMQswCQYDVQQGEwJSVTE/MD0GA1UECgw2VGhlIE1pbmlzdHJ5IG9mIERpZ2l0YWwgRGV2ZWxvcG1lbnQgYW5kIENvbW11bmljYXRpb25zMR8wHQYDVQQDDBZSdXNzaWFuIFRydXN0ZWQgU3ViIENBMB4XDTI0MTAwMTA0MDUyMVoXDTI0MTIzMDA0MDUyMVowHjELMAkGA1UEBhMCUlUxDzANBgNVBAMMBmJsdC5zdTCCASIwDQYJKoZIhvcNAQEBBQADggEPADCCAQoCggEBAL+h9C1ZuPL8KQdvF6XLPIiULZ0mPqDjaHCsozNBUX5hI8FrIbR2T0CF1UIF5hvpqpA3dXyriCPdRdblQ//Qjkxy4yqnCJUu20+EhzYXeCd1WepC13wEsZJIxKS3VJXZ68p0HJwlq2T0I8pD+uBrBgsEcoY/cr/oRJ8rFa5Md9OD3KE6nUiuXbUaleJmc+MLUda/x/a1W2YUYiwr69IaLWEk0Mh/IErICUN1WO4rg6hF3ZhAaXEEhqS58EO/puIB4P/2ZJzJgqghSkE36bNqULZv+k9eyumIh4u7Sx2zoDh789L6cPmwF0ocw3RxjhUXzyEYO7dGUqvitnJsEGsLAjsCAwEAAaOCAUcwggFDMB0GA1UdDgQWBBQlNowWbPyDbD5p9SjHSnmrGWkyBDAfBgNVHSMEGDAWgBTR4XENCy2BTm6KSo9MI7NMXqtpCzCBtgYDVR0fBIGuMIGrMDegNaAzhjFodHRwOi8vcm9zdGVsZWNvbS5ydS9jZHAvc3ViY2Ffc3NsX3JzYTIwMjJfZHYuY3JsMDegNaAzhjFodHRwOi8vY29tcGFueS5ydC5ydS9jZHAvc3ViY2Ffc3NsX3JzYTIwMjJfZHYuY3JsMDegNaAzhjFodHRwOi8vcmVlc3RyLXBraS5ydS9jZHAvc3ViY2Ffc3NsX3JzYTIwMjJfZHYuY3JsMAsGA1UdDwQEAwIFoDARBgNVHREECjAIggZibHQuc3UwEwYDVR0lBAwwCgYIKwYBBQUHAwEwEwYKKwYBBAHWeQIEAwEB/wQCBQAwDQYJKoZIhvcNAQELBQADggIBAAfYtnGySHWMTVF6QiBEJsLyx7FT63xnWfsRpKk3dBqDjfLkvBidM7W0VjKBXr2PAHytd0bFKQs3UMxkT80ENClFTaTUZXFQ2BONwQZsninaIWvhQvXN/VWDyT3Pjx3+gJUiw0HjxXBuRiN3Mqsa5tk+iUWA+VfzhMoy95eU/TwbqUjhfqRDrZ38gxEwn3uxY1GpQ4okE8YrCCN9JCf9MmoJZREfes00y0UhcaqfIQ8j1gaKmyZQGDtklv5CMSSmZClTe3G5QsS2r00NikyyPesmvAqjznnCmO+8K4+76r9UYIAiAAX1kr4En9fYugUgCmyb3EFwrXX10TmZIrY3MmufxuNYTW5VJpO4GmiT6YlBtx1U4yhJUsNChvc1kxQmHImzJ5GruNzFHL7KjrrQVkm4EoJV2mp1iKfLfmHDwrqamnH8569TTZpIZseuNGWWMwvVg5t0X5pTJ7WflUSp+gQTuIzZ8Vit2WyJkoB5r7DtZ4iVMO/ZMDpJradS8nSFY3V6ra/zW15IJbZZ3BvFBqPlqQbXioclZQkHx4Of21AkezvsY8y3dYomMpCovmr4uxm3Nqc7QujDwegcwANkAoSjR8tLNQFZjabcV5fXnJ7t82c0IpKvELlW5h70j8GVfeAvQVOwZCrmVCD7vV1PGy3KTkihaNkMRC28Q84GH60M
1.elecsnet.ru,Russian Trusted Sub CA,752EBB14652711EFBC0D0242AC130004,3544,MDC,2025,precert,2024-08-28 10:22:41.622,4944,MDC,2024,precert,2024-08-28 10:22:41.622,MIIFbjCCA1agAwIBAgIQdS67FGUnEe+8DQJCrBMABDANBgkqhkiG9w0BAQsFADBvMQswCQYDVQQGEwJSVTE/MD0GA1UECgw2VGhlIE1pbmlzdHJ5IG9mIERpZ2l0YWwgRGV2ZWxvcG1lbnQgYW5kIENvbW11bmljYXRpb25zMR8wHQYDVQQDDBZSdXNzaWFuIFRydXN0ZWQgU3ViIENBMB4XDTI0MDgyODEwMjI0MVoXDTI0MTEyNjEwMjI0MVowJTELMAkGA1UEBhMCUlUxFjAUBgNVBAMMDTEuZWxlY3NuZXQucnUwggEiMA0GCSqGSIb3DQEBAQUAA4IBDwAwggEKAoIBAQDUJ4D/Mmchd1GE+dRSE7uYRx1BdVEB3FMcB1nAJrEgEI64ERcmgcv02/fB7XYtqt49sE21vDVsEabgIMQd0A+70p1SZEvcdubpAmsic7HPIw2KqJmTLokgeDcP2pqAoBC0wK8rlDDVfMpdVpT743WIKMIT8L07gXZxfH0pDfCOD23fLlyJjTUhICP9kJ0viBJb/t7ynDcs0FKX8vF4sQMWTI4JGyoXmSck0TwWJIlhzabicTIF5u/VLgIBWziSXu4ysVEVmmjxcLKfvUG9bRfkDbvXKtT6tJRLGorzOTo7byEjN7KcftObPpXVq3nbVDZdH0dgfCWzVPGxr88efYInAgMBAAGjggFOMIIBSjAdBgNVHQ4EFgQUVegpNvPQkcjxEgsjFOJitIF2bggwHwYDVR0jBBgwFoAU0eFxDQstgU5uikqPTCOzTF6raQswgbYGA1UdHwSBrjCBqzA3oDWgM4YxaHR0cDovL3Jvc3RlbGVjb20ucnUvY2RwL3N1YmNhX3NzbF9yc2EyMDIyX2R2LmNybDA3oDWgM4YxaHR0cDovL2NvbXBhbnkucnQucnUvY2RwL3N1YmNhX3NzbF9yc2EyMDIyX2R2LmNybDA3oDWgM4YxaHR0cDovL3JlZXN0ci1wa2kucnUvY2RwL3N1YmNhX3NzbF9yc2EyMDIyX2R2LmNybDALBgNVHQ8EBAMCBaAwEwYDVR0lBAwwCgYIKwYBBQUHAwEwGAYDVR0RBBEwD4INMS5lbGVjc25ldC5ydTATBgorBgEEAdZ5AgQDAQH/BAIFADANBgkqhkiG9w0BAQsFAAOCAgEA1bIWYCMTsnx+PsZjmoVuH/K8UfMP+5/fG29vHC5vb5sTHMEICNDnkvKfBFLR6HFFuHI7Vl5j2fl+giIfCgJV33pHr8ZeXBTUgC3oMkDdhGbq58mv4KLGiCcC7fMq5EIXVGbOAitbaFCiOd3BYQNFH5I0byb3gQvujZagZYa8OaUG1row6oiWJQB0VxU+0eGzQmxIDaO4ST52fsr0nXaSLxRluX6cEhcnll2oupVziayOZ+uyzhsjxXWWIbaUFPKLTfwvPiFVSOyHNrN+Fggj31KJj3rYaeOJzTkiDPDddvg8JAM4Q3In8TXPfPO9qFv6Y3i9oiwX7nLd3L2uO7hefXdTypo/nHTvB3fG3lh5VpetunBISx24htkMiqGCtYnNeLFITv94BVLtE8AyMh91hv8JaWfURzBwn2RPyU+Jr2+mNA4GW0mIc+Ma6ftnQvhxO7jAp42iugKHexu1wwbQRlw/UU2tOpmXtakQRPSN3TKcHR6mxe9Cg/hg6kLjhoOaii3x3/vkQWAUkhN4SFlCfQjmO1OD/eyLD+jTAJ57PJfrF5pokFFLbzAJ6pNBqgtuQUrA9sb3wIuVzdMDvqRszP9utYWQdPs3XGifMMAvlSqZxNNiZG4IZzpUKJGsbGf7Xh72XFF/Fow7qdxXZYE9jyAXEkc3xFOtK3WAKDD2hBQ=
hacki.online,Russian Trusted Sub CA,521D8FA73FB11EF9EDB0242AC130004,3978,MDC,2025,precert,2024-09-16 07:12:23.220,4959,MDC,2024,precert,2024-09-16 07:12:23.220,MIIFbDCCA1SgAwIBAgIQBSHY+nP7Ee+e2wJCrBMABDANBgkqhkiG9w0BAQsFADBvMQswCQYDVQQGEwJSVTE/MD0GA1UECgw2VGhlIE1pbmlzdHJ5IG9mIERpZ2l0YWwgRGV2ZWxvcG1lbnQgYW5kIENvbW11bmljYXRpb25zMR8wHQYDVQQDDBZSdXNzaWFuIFRydXN0ZWQgU3ViIENBMB4XDTI0MDkxNjA3MTIyM1oXDTI0MTIxNTA3MTIyM1owJDELMAkGA1UEBhMCUlUxFTATBgNVBAMMDGhhY2tpLm9ubGluZTCCASIwDQYJKoZIhvcNAQEBBQADggEPADCCAQoCggEBANYbNj4GXSo4Nzglw9LxRe97bXZTbSKGFTeim1EmJSsL4Edf55UwfDF1wZtE3LT4byy9gkTbSly6CnhDZeMrrdkCdS0jj2666eZksovHcUMN8UllAouHM0MjHK3O4orYdbPk1lMRy6tTGZafQKxxbNeiktJSTGNa7umD28BFd7nyMdck/eQDYNpCsiuXxJmi6OyYH0uyQIG2XcCCOLkaH3b0YVWCAwV7Hn4BJ31ORREi2xhRGneHsKm6KcL/vk9I7msK9RelChYeUvp/e22+tWhp8fCBlBU4UydXWamdLJJvtw3Bs7f+jCiW+65ckPoSsdhjZ7ja9Smol86himnWUmcCAwEAAaOCAU0wggFJMB0GA1UdDgQWBBQflqOp5oBi/k9jlA2qHgBLvM9bJjAfBgNVHSMEGDAWgBTR4XENCy2BTm6KSo9MI7NMXqtpCzCBtgYDVR0fBIGuMIGrMDegNaAzhjFodHRwOi8vcm9zdGVsZWNvbS5ydS9jZHAvc3ViY2Ffc3NsX3JzYTIwMjJfZHYuY3JsMDegNaAzhjFodHRwOi8vY29tcGFueS5ydC5ydS9jZHAvc3ViY2Ffc3NsX3JzYTIwMjJfZHYuY3JsMDegNaAzhjFodHRwOi8vcmVlc3RyLXBraS5ydS9jZHAvc3ViY2Ffc3NsX3JzYTIwMjJfZHYuY3JsMAsGA1UdDwQEAwIFoDAXBgNVHREEEDAOggxoYWNraS5vbmxpbmUwEwYDVR0lBAwwCgYIKwYBBQUHAwEwEwYKKwYBBAHWeQIEAwEB/wQCBQAwDQYJKoZIhvcNAQELBQADggIBAAva+bhlIj6U7Wt3aH2o7/dB4eLkjmaur/ARsmGM/Y6wse1JNxYHFDNp9RNMTEPA80YWBkzfkoGmqDBytM8p3kTVhn4x8cld+lm5nvOIJFCBSvKnOBH6Ra/c/Vx5bTsdt8tSOsuNoFT89Sv/X9Bg0hvHUBo/LF3lwZCol0WzU65T0C5Qrx1TSKpdHfKUKTPot3SNdX4J6DSNUn7Xxjh7k8nFpbU0l9OTyw6Y9KNC07siLRaFa43xBp8yr346AqOs4+9nnhe2v/CIe08yJddQ1il/otZEtjjd4k0IM+TyAIFImmUeiGalH41Q3sMwHcYCkOYeNlwm8i7vnQVSncWmsVD/vEuDUzo/+GzcIWVN5jh/EBRs6VXAsI6O06y88urLsiNdvWdsMN/Ov8cntFt6Nfv+1OarRPnpwEflBxn9WGZroGVgszK0zSz34tauP4fpMvKEKtJVLIBojGMqbWHeDY6ke0ClfOhSlWo7k0HNteFVcljMb9wlvSw7kTtFs+uzZbBYOSduf7od+vnrTTLIOpNV6yT+jonMWsCgDZn7gliXj0+Q+uUcJAAlMZfiLH6Q09Us7BG7aqC4wktt6TSjBwgJSyItNRCIvC/8OVauBfmzpvJwIHTWj+4zcvHBG6/ws3WMg57ST9m+6EuqfkX2rOG4OQXqz4adp06/FQdXUAs4
xraven.ru,Russian Trusted Sub CA,965C3F44740611EF9EDB0242AC130004,3985,MDC,2025,precert,2024-09-16 08:35:11.337,4963,MDC,2024,precert,2024-09-16 08:35:11.337,MIIFZzCCA0+gAwIBAgIRAJZcP0R0BhHvntsCQqwTAAQwDQYJKoZIhvcNAQELBQAwbzELMAkGA1UEBhMCUlUxPzA9BgNVBAoMNlRoZSBNaW5pc3RyeSBvZiBEaWdpdGFsIERldmVsb3BtZW50IGFuZCBDb21tdW5pY2F0aW9uczEfMB0GA1UEAwwWUnVzc2lhbiBUcnVzdGVkIFN1YiBDQTAeFw0yNDA5MTYwODM1MTFaFw0yNDEyMTUwODM1MTFaMCExCzAJBgNVBAYTAlJVMRIwEAYDVQQDDAl4cmF2ZW4ucnUwggEiMA0GCSqGSIb3DQEBAQUAA4IBDwAwggEKAoIBAQDKX69Atu+Gla1Cs62QCf88atd5sTb5i1olejayGu/72haaKCk2UnWg6aIhE0JWiH50N915DFCjIb0Kr9YGlS4yg94dfUXyt+Y5yeWtSUNldB/OOy/1Blg6B7Zm1yp/JMO/NZudHwpUo83o/BvMQhOv6IKrChdUVcdscBp2c7QtiB0aoH5xNAH+Z5U8/nQVP0/eLCTf+PLyug9GyrEpMxOxjzUtAB/2CUCy+ocDmsg1wZ4iNqvymO/t8JDN/oBFNMwRRNCsCO577NtqIL8FSyoLtNym1N+rXJNvwKgOvAyHpytahZ/DgVzsHZAruOuM4JrmGAgDtoJl5lbEL6Wi7+I9AgMBAAGjggFKMIIBRjAdBgNVHQ4EFgQUA1mknm0/be4NY14sNmF9X6kiWg8wHwYDVR0jBBgwFoAU0eFxDQstgU5uikqPTCOzTF6raQswgbYGA1UdHwSBrjCBqzA3oDWgM4YxaHR0cDovL3Jvc3RlbGVjb20ucnUvY2RwL3N1YmNhX3NzbF9yc2EyMDIyX2R2LmNybDA3oDWgM4YxaHR0cDovL2NvbXBhbnkucnQucnUvY2RwL3N1YmNhX3NzbF9yc2EyMDIyX2R2LmNybDA3oDWgM4YxaHR0cDovL3JlZXN0ci1wa2kucnUvY2RwL3N1YmNhX3NzbF9yc2EyMDIyX2R2LmNybDALBgNVHQ8EBAMCBaAwFAYDVR0RBA0wC4IJeHJhdmVuLnJ1MBMGA1UdJQQMMAoGCCsGAQUFBwMBMBMGCisGAQQB1nkCBAMBAf8EAgUAMA0GCSqGSIb3DQEBCwUAA4ICAQDNM3/Zr7mFksM5q6ky0BnvL8bt57/k9B3zM0WSL2NTMlcKoA5PV+W2qv72ZmhUPqRw/1W+eeIEsuU/6TlAPQ89B1HTjCqByHWFKc6QwG2gWH6FojeQ7n+0kNJ8cO0SrTYt8jiDTGAG23ZFP2AR9lnehkIkvkOwQ63dBqDHiXiONYXTUyCF1vlRCOIs1f/Mi+k6Hs8k372xe1f+6c7c6wY6FurTDQOMBZ0aOFHfWhvBLQTkA2poNhW/fKrRWwqZ6s24Bac7UdzTe3CpB/HPfK5abhD6ybXRRLXhZiwYSNjZnHhffur8NV7n4HdB1P22Aebraycv9aCvESmbOLUrXfbj7I5rU5Ekz4SabqFf5VzcV1BdAh7zEy1D/D/D0fh50G6SkrFU4wutC8oYRMAtfFzDLsi0ya3SoCLKCbYCPbRMSqwLcDuQwd/YfQmbd4cJmiMsPptCJ+q1RyyGJYEljbo1uAJSRJKiKVip07pfFWbNFmknXa6NoMzpDHf/iAB05/145vMnmcB9V5gkVpzFbaHLGY+1RYVbb4QKmN2mu+/nY/aKBCvNNHWywgRj6D74ydsqPThm2BnKYXf4EvlIAGMH/dGrqJUXOYAv5iBa78l6UroFEX0CLJs78WGuiIicKoUQ42tryExIF19xd+Qpz/HAsGOiNOo1zypqJhwUtH65ng==
hoteltofms.ru,Russian Trusted Sub CA,85CDDC06766711EF84570242AC120002,4027,MDC,2025,precert,2024-09-19 09:14:07.078,4971,MDC,2024,precert,2024-09-19 09:14:07.078,MIIFbzCCA1egAwIBAgIRAIXN3AZ2ZxHvhFcCQqwSAAIwDQYJKoZIhvcNAQELBQAwbzELMAkGA1UEBhMCUlUxPzA9BgNVBAoMNlRoZSBNaW5pc3RyeSBvZiBEaWdpdGFsIERldmVsb3BtZW50IGFuZCBDb21tdW5pY2F0aW9uczEfMB0GA1UEAwwWUnVzc2lhbiBUcnVzdGVkIFN1YiBDQTAeFw0yNDA5MTkwOTE0MDdaFw0yNDEyMTgwOTE0MDdaMCUxCzAJBgNVBAYTAlJVMRYwFAYDVQQDDA1ob3RlbHRvZm1zLnJ1MIIBIjANBgkqhkiG9w0BAQEFAAOCAQ8AMIIBCgKCAQEAyJ/+MjgD+ZT0+Lg9ZfKOq25fmbzfIjrS/G/4tpOnHqQUFZ3pLrF1I4Y7/5svJGPm5IGhCUZJhW9C72FdUkr9DydJqv59zFs4MNcgj6kUeqOgFKh6LZEzjUe0fRIY+ZF8HBlF4qgx9L4WraxVoy2mHzWbgrHD4atFB9JzSzCNbnVlYvmkte0hw3ioRNnatqHOlDVI7v3p5D7OIbmYNImGr91io8dS/zR90eCidjM7WztxCsn1p0+lGqp5MF4LlznogeWFVutdv/jqC+9czx2DRQJeHApaTEN9fdKRyTOGBdwAFbKvGyLkuJ3vM1KF+MMBKIXso3Wh2+65Myb2rZU7ZQIDAQABo4IBTjCCAUowHQYDVR0OBBYEFEzkItJJucxTxWjdjBjSii++YzfZMB8GA1UdIwQYMBaAFNHhcQ0LLYFObopKj0wjs0xeq2kLMIG2BgNVHR8Ega4wgaswN6A1oDOGMWh0dHA6Ly9yb3N0ZWxlY29tLnJ1L2NkcC9zdWJjYV9zc2xfcnNhMjAyMl9kdi5jcmwwN6A1oDOGMWh0dHA6Ly9jb21wYW55LnJ0LnJ1L2NkcC9zdWJjYV9zc2xfcnNhMjAyMl9kdi5jcmwwN6A1oDOGMWh0dHA6Ly9yZWVzdHItcGtpLnJ1L2NkcC9zdWJjYV9zc2xfcnNhMjAyMl9kdi5jcmwwCwYDVR0PBAQDAgWgMBgGA1UdEQQRMA+CDWhvdGVsdG9mbXMucnUwEwYDVR0lBAwwCgYIKwYBBQUHAwEwEwYKKwYBBAHWeQIEAwEB/wQCBQAwDQYJKoZIhvcNAQELBQADggIBAMxhZET/i7rlnSXrKIoFPVJxzT+EByLxspH5UXozOYBjFDNsyGTixBt4AIqWCcoNHnQBLSUw0ZKRX1IWHV194SM79giR5HMc+/Gc4E6ZPgY5Wp2C06cXp1vl5UDtFylP+qqQDLds6rKr17UsZKgdQpLtBf3f0kufnCQ6DFpbr52SX9/gbBZMqQ1gCAhonqcj3h9d+bIlMFUFBGpG325xXnSq9E9qQ9Ha82bjGB7+yK7Th9xzPp/UsqT2jH1EU3eV4DbWCIhGzpM0UXKcXLxvylJ8giSpuMY1giDhRESlQ2bCR/QZHLFGv+hOdiBM5eyYvJIHHRrCKQTnxC6KSZq+QDxJWirfezAcppribM25UAtxNhY/RJOXLjmBtGsK4S+Rc0fJYX6RsC0YpDJ7G9xLzs6pdjmcQjZ3yTaiTI0ldYSPJwYl7CjB27jeAuWDnC47IWN7NNk8NTD1g1HFGUDSbfXL7dyjRUP+Qj+L1Bn3eM+fSYdFlCQemJZ5ot/gUQdvYvFXhiGYgCRMsPv2G30QGYSCFyi+AiA6lNZpPTTUpv8LG5lTH/bb3PytunDR9d3ttf0XA/Ud/FpR+UOObPevz5ZZkILuFWGEGDAbvmzpJU9QSkmoCpywErEDFpCM1fmqXKQayI5vgU6fQJ0pQTMSATUclIgcKGAbVX82I8CrD0E6
hoteltofms.ru,Russian Trusted Sub CA,85CDDC06766711EF84570242AC120002,4027,MDC,2025,precert,2024-09-19 09:14:07.078,4971,MDC,2024,precert,2024-09-19 09:14:07.078,MIIFbzCCA1egAwIBAgIRAIXN3AZ2ZxHvhFcCQqwSAAIwDQYJKoZIhvcNAQELBQAwbzELMAkGA1UEBhMCUlUxPzA9BgNVBAoMNlRoZSBNaW5pc3RyeSBvZiBEaWdpdGFsIERldmVsb3BtZW50IGFuZCBDb21tdW5pY2F0aW9uczEfMB0GA1UEAwwWUnVzc2lhbiBUcnVzdGVkIFN1YiBDQTAeFw0yNDA5MTkwOTE0MDdaFw0yNDEyMTgwOTE0MDdaMCUxCzAJBgNVBAYTAlJVMRYwFAYDVQQDDA1ob3RlbHRvZm1zLnJ1MIIBIjANBgkqhkiG9w0BAQEFAAOCAQ8AMIIBCgKCAQEAyJ/+MjgD+ZT0+Lg9ZfKOq25fmbzfIjrS/G/4tpOnHqQUFZ3pLrF1I4Y7/5svJGPm5IGhCUZJhW9C72FdUkr9DydJqv59zFs4MNcgj6kUeqOgFKh6LZEzjUe0fRIY+ZF8HBlF4qgx9L4WraxVoy2mHzWbgrHD4atFB9JzSzCNbnVlYvmkte0hw3ioRNnatqHOlDVI7v3p5D7OIbmYNImGr91io8dS/zR90eCidjM7WztxCsn1p0+lGqp5MF4LlznogeWFVutdv/jqC+9czx2DRQJeHApaTEN9fdKRyTOGBdwAFbKvGyLkuJ3vM1KF+MMBKIXso3Wh2+65Myb2rZU7ZQIDAQABo4IBTjCCAUowHQYDVR0OBBYEFEzkItJJucxTxWjdjBjSii++YzfZMB8GA1UdIwQYMBaAFNHhcQ0LLYFObopKj0wjs0xeq2kLMIG2BgNVHR8Ega4wgaswN6A1oDOGMWh0dHA6Ly9yb3N0ZWxlY29tLnJ1L2NkcC9zdWJjYV9zc2xfcnNhMjAyMl9kdi5jcmwwN6A1oDOGMWh0dHA6Ly9jb21wYW55LnJ0LnJ1L2NkcC9zdWJjYV9zc2xfcnNhMjAyMl9kdi5jcmwwN6A1oDOGMWh0dHA6Ly9yZWVzdHItcGtpLnJ1L2NkcC9zdWJjYV9zc2xfcnNhMjAyMl9kdi5jcmwwCwYDVR0PBAQDAgWgMBgGA1UdEQQRMA+CDWhvdGVsdG9mbXMucnUwEwYDVR0lBAwwCgYIKwYBBQUHAwEwEwYKKwYBBAHWeQIEAwEB/wQCBQAwDQYJKoZIhvcNAQELBQADggIBAMxhZET/i7rlnSXrKIoFPVJxzT+EByLxspH5UXozOYBjFDNsyGTixBt4AIqWCcoNHnQBLSUw0ZKRX1IWHV194SM79giR5HMc+/Gc4E6ZPgY5Wp2C06cXp1vl5UDtFylP+qqQDLds6rKr17UsZKgdQpLtBf3f0kufnCQ6DFpbr52SX9/gbBZMqQ1gCAhonqcj3h9d+bIlMFUFBGpG325xXnSq9E9qQ9Ha82bjGB7+yK7Th9xzPp/UsqT2jH1EU3eV4DbWCIhGzpM0UXKcXLxvylJ8giSpuMY1giDhRESlQ2bCR/QZHLFGv+hOdiBM5eyYvJIHHRrCKQTnxC6KSZq+QDxJWirfezAcppribM25UAtxNhY/RJOXLjmBtGsK4S+Rc0fJYX6RsC0YpDJ7G9xLzs6pdjmcQjZ3yTaiTI0ldYSPJwYl7CjB27jeAuWDnC47IWN7NNk8NTD1g1HFGUDSbfXL7dyjRUP+Qj+L1Bn3eM+fSYdFlCQemJZ5ot/gUQdvYvFXhiGYgCRMsPv2G30QGYSCFyi+AiA6lNZpPTTUpv8LG5lTH/bb3PytunDR9d3ttf0XA/Ud/FpR+UOObPevz5ZZkILuFWGEGDAbvmzpJU9QSkmoCpywErEDFpCM1fmqXKQayI5vgU6fQJ0pQTMSATUclIgcKGAbVX82I8CrD0E6
hoteltofms.ru,Russian Trusted Sub CA,85CDDC06766711EF84570242AC120002,5075,VK,2024,precert,2024-09-19 09:14:07.110,5073,Yandex,2024,precert,2024-09-19 09:14:07.110,MIIFbzCCA1egAwIBAgIRAIXN3AZ2ZxHvhFcCQqwSAAIwDQYJKoZIhvcNAQELBQAwbzELMAkGA1UEBhMCUlUxPzA9BgNVBAoMNlRoZSBNaW5pc3RyeSBvZiBEaWdpdGFsIERldmVsb3BtZW50IGFuZCBDb21tdW5pY2F0aW9uczEfMB0GA1UEAwwWUnVzc2lhbiBUcnVzdGVkIFN1YiBDQTAeFw0yNDA5MTkwOTE0MDdaFw0yNDEyMTgwOTE0MDdaMCUxCzAJBgNVBAYTAlJVMRYwFAYDVQQDDA1ob3RlbHRvZm1zLnJ1MIIBIjANBgkqhkiG9w0BAQEFAAOCAQ8AMIIBCgKCAQEAyJ/+MjgD+ZT0+Lg9ZfKOq25fmbzfIjrS/G/4tpOnHqQUFZ3pLrF1I4Y7/5svJGPm5IGhCUZJhW9C72FdUkr9DydJqv59zFs4MNcgj6kUeqOgFKh6LZEzjUe0fRIY+ZF8HBlF4qgx9L4WraxVoy2mHzWbgrHD4atFB9JzSzCNbnVlYvmkte0hw3ioRNnatqHOlDVI7v3p5D7OIbmYNImGr91io8dS/zR90eCidjM7WztxCsn1p0+lGqp5MF4LlznogeWFVutdv/jqC+9czx2DRQJeHApaTEN9fdKRyTOGBdwAFbKvGyLkuJ3vM1KF+MMBKIXso3Wh2+65Myb2rZU7ZQIDAQABo4IBTjCCAUowHQYDVR0OBBYEFEzkItJJucxTxWjdjBjSii++YzfZMB8GA1UdIwQYMBaAFNHhcQ0LLYFObopKj0wjs0xeq2kLMIG2BgNVHR8Ega4wgaswN6A1oDOGMWh0dHA6Ly9yb3N0ZWxlY29tLnJ1L2NkcC9zdWJjYV9zc2xfcnNhMjAyMl9kdi5jcmwwN6A1oDOGMWh0dHA6Ly9jb21wYW55LnJ0LnJ1L2NkcC9zdWJjYV9zc2xfcnNhMjAyMl9kdi5jcmwwN6A1oDOGMWh0dHA6Ly9yZWVzdHItcGtpLnJ1L2NkcC9zdWJjYV9zc2xfcnNhMjAyMl9kdi5jcmwwCwYDVR0PBAQDAgWgMBgGA1UdEQQRMA+CDWhvdGVsdG9mbXMucnUwEwYDVR0lBAwwCgYIKwYBBQUHAwEwEwYKKwYBBAHWeQIEAwEB/wQCBQAwDQYJKoZIhvcNAQELBQADggIBAMxhZET/i7rlnSXrKIoFPVJxzT+EByLxspH5UXozOYBjFDNsyGTixBt4AIqWCcoNHnQBLSUw0ZKRX1IWHV194SM79giR5HMc+/Gc4E6ZPgY5Wp2C06cXp1vl5UDtFylP+qqQDLds6rKr17UsZKgdQpLtBf3f0kufnCQ6DFpbr52SX9/gbBZMqQ1gCAhonqcj3h9d+bIlMFUFBGpG325xXnSq9E9qQ9Ha82bjGB7+yK7Th9xzPp/UsqT2jH1EU3eV4DbWCIhGzpM0UXKcXLxvylJ8giSpuMY1giDhRESlQ2bCR/QZHLFGv+hOdiBM5eyYvJIHHRrCKQTnxC6KSZq+QDxJWirfezAcppribM25UAtxNhY/RJOXLjmBtGsK4S+Rc0fJYX6RsC0YpDJ7G9xLzs6pdjmcQjZ3yTaiTI0ldYSPJwYl7CjB27jeAuWDnC47IWN7NNk8NTD1g1HFGUDSbfXL7dyjRUP+Qj+L1Bn3eM+fSYdFlCQemJZ5ot/gUQdvYvFXhiGYgCRMsPv2G30QGYSCFyi+AiA6lNZpPTTUpv8LG5lTH/bb3PytunDR9d3ttf0XA/Ud/FpR+UOObPevz5ZZkILuFWGEGDAbvmzpJU9QSkmoCpywErEDFpCM1fmqXKQayI5vgU6fQJ0pQTMSATUclIgcKGAbVX82I8CrD0E6
wvro.ru,Russian Trusted Sub CA,AFD2C29C7C9C11EF97D30242AC120002,4222,MDC,2025,precert,2024-09-27 06:49:47.866,4977,MDC,2024,precert,2024-09-27 06:49:47.866,MIIFYzCCA0ugAwIBAgIRAK/Swpx8nBHvl9MCQqwSAAIwDQYJKoZIhvcNAQELBQAwbzELMAkGA1UEBhMCUlUxPzA9BgNVBAoMNlRoZSBNaW5pc3RyeSBvZiBEaWdpdGFsIERldmVsb3BtZW50IGFuZCBDb21tdW5pY2F0aW9uczEfMB0GA1UEAwwWUnVzc2lhbiBUcnVzdGVkIFN1YiBDQTAeFw0yNDA5MjcwNjQ5NDdaFw0yNDEyMjYwNjQ5NDdaMB8xCzAJBgNVBAYTAlJVMRAwDgYDVQQDDAd3dnJvLnJ1MIIBIjANBgkqhkiG9w0BAQEFAAOCAQ8AMIIBCgKCAQEApqhkx0DqNd7kf1OXOVIIzM63mo1bDjkWtjrMMrgD+7eENRMiXlJopBcafkDvGWQ8kT5GuraBVedPA1ENOFEyctHEfAGzmIhGAUZ7e3NhIA2YCbx10wCD3TCgYGNE+dWRmY8TMMWKr795RDRSt2eQ/1Jo9SsMT8O6ChNbKUTdR9G6bwpMyGXGcvfvyaMZxXLvgnQq6Y0srTD18W8jGKqTy7W68RkfY8aAnSVrSTDChjs4OiUTuoKoAXtz2UI4VefbxhYlXhKGb3YphnZj0i2th1UcRhaRHJt25n6pBe21KDDyZxn6iqNCEhGKQZpO8r5S6VPYaBbfH7ID1Xptbfcd0QIDAQABo4IBSDCCAUQwHQYDVR0OBBYEFOQLhP5L/Wfn9exNYWJnClFoupRDMB8GA1UdIwQYMBaAFNHhcQ0LLYFObopKj0wjs0xeq2kLMIG2BgNVHR8Ega4wgaswN6A1oDOGMWh0dHA6Ly9yb3N0ZWxlY29tLnJ1L2NkcC9zdWJjYV9zc2xfcnNhMjAyMl9kdi5jcmwwN6A1oDOGMWh0dHA6Ly9jb21wYW55LnJ0LnJ1L2NkcC9zdWJjYV9zc2xfcnNhMjAyMl9kdi5jcmwwN6A1oDOGMWh0dHA6Ly9yZWVzdHItcGtpLnJ1L2NkcC9zdWJjYV9zc2xfcnNhMjAyMl9kdi5jcmwwCwYDVR0PBAQDAgWgMBIGA1UdEQQLMAmCB3d2cm8ucnUwEwYDVR0lBAwwCgYIKwYBBQUHAwEwEwYKKwYBBAHWeQIEAwEB/wQCBQAwDQYJKoZIhvcNAQELBQADggIBAJutvzUeHEhyDCjcqKgxm/n7fUVRqz451BRHGJNTE81xfVj7wExvrEljP6ivGrT5R2zj9CSJWzQ5tkOqUsF7G20TnilAS8TVzJjhKL1OKSdYvZiuEZLbWHLmnHm1kNYbp22KG+98deov3ByxrGT2EJ7N319Wety7wNG0pZBuUKa2/XM/QAoehwJXXdqC1g0EtTyV4zQ4US8WGo2pPS5WmNjcjcpmDUgF8kEXWiDK7xjKeA94Dww/eul/KXVBuI/XWIB/06chirsy6QWAaArZ9mtQIUzjIrURwAdmk6Cf5PPyON8YfsbyKcLqnQ9o5Mz1Qd3mZKOyzaXddv1EFf4RRfi16hxLUpc4VcsOVnIKcoIB7YCv4uxOjsNX7ITrNCb11PpjHFC2j2bLZk+GiY8RMHaypyaqgaUw48gyYAqzlBn39E17YQeLvy1m/UqHCM8hm8xIC81q4KWUVU0B3jkV9RcPXrmKMOXoPhYuo6X/UQnK4vRSlTaEYX4/TfMaGjq0Tx5JQQMo0L1ftVTZQGvFps+G4I4oDiRhx2K4FUh6KXfq3e2lxq7j16KxkkZjRA7a1YcQhx6Uj7fmtNcxzMPvykGIpozyIf4Ejl1bBRQv5rcxSKJX3I6vi6u8ord628ECy2dLxAS/9zSJyk1IPeaRkdpdTndgzvMxTgxEMA7DhoCb
vstrahoff.ru,Russian Trusted Sub CA,BE51850CED1711EEA5E50242AC1D0003,4800,MDC,2024,precert,2024-03-28 15:27:52.873,4826,Yandex,2024,precert,2024-03-28 15:27:52.873,MIIFbTCCA1WgAwIBAgIRAL5RhQztFxHupeUCQqwdAAMwDQYJKoZIhvcNAQELBQAwbzELMAkGA1UEBhMCUlUxPzA9BgNVBAoMNlRoZSBNaW5pc3RyeSBvZiBEaWdpdGFsIERldmVsb3BtZW50IGFuZCBDb21tdW5pY2F0aW9uczEfMB0GA1UEAwwWUnVzc2lhbiBUcnVzdGVkIFN1YiBDQTAeFw0yNDAzMjgxNTI3NTJaFw0yNDA2MjYxNTI3NTJaMCQxCzAJBgNVBAYTAlJVMRUwEwYDVQQDDAx2c3RyYWhvZmYucnUwggEiMA0GCSqGSIb3DQEBAQUAA4IBDwAwggEKAoIBAQCbESF9Mcs5EjCygzE25lKw1Ri2CVpYY+x66q5AL6VCJjFcCUtwWdfdPn38BPXy9QkYFP0j8I6xpQch14P9XZ9wd1HThE6/LsmImxkGfXp0QphrIc9cytzESr/Q6s4Dfj6r/Hi13xALjvPPCCQTfrgTENgoKWV8RF9/3FipNtKiTxU3eO9vjiKK0w32rBJsWbJjKSQ3+BLDqNF56T+pWcfd9oB+VvfOzVEvmJ0c1hDIhNmCoQnKNef2ox03HR6+Ngz4zXZel2RRLIAt2vFEMJuCiRkOb3Dhuzm585Gp1e3jEwPfzX/WyH6sHz2Hnn+1D4VDxwSQ+yGONDuB2fOj/1S3AgMBAAGjggFNMIIBSTAdBgNVHQ4EFgQUm9HqmxRRcTVtG+2X5mFrpeh9m5UwHwYDVR0jBBgwFoAU0eFxDQstgU5uikqPTCOzTF6raQswgbYGA1UdHwSBrjCBqzA3oDWgM4YxaHR0cDovL3Jvc3RlbGVjb20ucnUvY2RwL3N1YmNhX3NzbF9yc2EyMDIyX2R2LmNybDA3oDWgM4YxaHR0cDovL2NvbXBhbnkucnQucnUvY2RwL3N1YmNhX3NzbF9yc2EyMDIyX2R2LmNybDA3oDWgM4YxaHR0cDovL3JlZXN0ci1wa2kucnUvY2RwL3N1YmNhX3NzbF9yc2EyMDIyX2R2LmNybDALBgNVHQ8EBAMCBaAwFwYDVR0RBBAwDoIMdnN0cmFob2ZmLnJ1MBMGA1UdJQQMMAoGCCsGAQUFBwMBMBMGCisGAQQB1nkCBAMBAf8EAgUAMA0GCSqGSIb3DQEBCwUAA4ICAQDFk3b9BEQDI1RLPEE6g6O/wWaqyEjR5OvU0SdHtENaGjEZSEXVCDFIwpyPUJ72rB8skhZrsDi93YaafFcS8N4jZACetUYI0+52RHVga5cGBso5qXwSsyI4g2vvqCxWse8GDiWW7zrMxXumMuqRthiWTFs6jNTXdcU3vDiJEYSdTkqcWE5iUdLTK6qRcE5irkD1Eba89gp3nLdI2lXYU2dctXIyBp8rflEuYHtOG72fHrJjrTvUfkDsICM8NWGFm8rgVP/EGEHiO8vkdQwlvKRTfUwtqM4VXduyd+mnJbgXxqwQ/L57LwTrI48H9s7XI7JnwOW4RrffptkdZOff69Bm/8PdVmHgi1XZ1AH0A/FLh9+WR3bKJw43xflnsAqSYEzhsR0W2yKdJto1zV1YbAKyyHGD0fZaYrdDiGd+HvBVQxbGenxFnfHt695c1wMaZNm0OdpbuJwYxdtmmXhpQCLtKb4ZlvdY1gUZDHJrFF9jDPjlIkcl+wcMYIERqUHyVDDfP9kMZN/OsTWJgC4rXK6lCSiffvymbq1fMj/xU2G8sqCoeo5OzVsbN16B1EfWHg+rneD8COcwGiZ/r5DaQJjWOX+7IAlziApIUOP5wEm2rkLNjmanMxQGvYGEWWw/YJ9nDHlhREhBRyUJh2tJXufVH20kVEjs6YjITD1cIkpP4g==
online.dvpion.ru,Russian Trusted Sub CA,3AA93C209D8111EF82E50242AC120002,5016,MDC,2025,precert,2024-11-08 03:26:23.264,5018,MDC,2024,precert,2024-11-08 03:26:23.264,MIIFdDCCA1ygAwIBAgIQOqk8IJ2BEe+C5QJCrBIAAjANBgkqhkiG9w0BAQsFADBvMQswCQYDVQQGEwJSVTE/MD0GA1UECgw2VGhlIE1pbmlzdHJ5IG9mIERpZ2l0YWwgRGV2ZWxvcG1lbnQgYW5kIENvbW11bmljYXRpb25zMR8wHQYDVQQDDBZSdXNzaWFuIFRydXN0ZWQgU3ViIENBMB4XDTI0MTEwODAzMjYyM1oXDTI1MDIwNjAzMjYyM1owKDELMAkGA1UEBhMCUlUxGTAXBgNVBAMMEG9ubGluZS5kdnBpb24ucnUwggEiMA0GCSqGSIb3DQEBAQUAA4IBDwAwggEKAoIBAQC00DTNHWiIF+930/Fex8l8owe9/IRrMKJiqTffmdJfuEttqL8feJw42U1YQsJbPAafy15FLuSFG8FYCi2TJUdSknLjOwaPdV9gB6K/GXi46M3wcMCVa74CWCjHgscdPs76q2M3anoValRmTJ5JFOT28w9gxdei384xsMtbHiM0gAwa1UTIYyPn9ytedUNHdpnDyt6Q+a393qrtH90KdNQic0FtTZRmJ3QqR0l/9Ux7Bi7eiG+Divpyeb1gHU37oTpsFpWLqijCjtmpYeuSUtlNdsopvSNmJID99xy+7fdddtpB1dPFzVh/pFwxoeq7RGUYERLgUsPSdRZhuHlboG6jAgMBAAGjggFRMIIBTTAdBgNVHQ4EFgQUxfqgcUfhWUjLLlBGsEwqO5AYNfEwHwYDVR0jBBgwFoAU0eFxDQstgU5uikqPTCOzTF6raQswgbYGA1UdHwSBrjCBqzA3oDWgM4YxaHR0cDovL3Jvc3RlbGVjb20ucnUvY2RwL3N1YmNhX3NzbF9yc2EyMDIyX2R2LmNybDA3oDWgM4YxaHR0cDovL2NvbXBhbnkucnQucnUvY2RwL3N1YmNhX3NzbF9yc2EyMDIyX2R2LmNybDA3oDWgM4YxaHR0cDovL3JlZXN0ci1wa2kucnUvY2RwL3N1YmNhX3NzbF9yc2EyMDIyX2R2LmNybDALBgNVHQ8EBAMCBaAwGwYDVR0RBBQwEoIQb25saW5lLmR2cGlvbi5ydTATBgNVHSUEDDAKBggrBgEFBQcDATATBgorBgEEAdZ5AgQDAQH/BAIFADANBgkqhkiG9w0BAQsFAAOCAgEA2rLT7WE/1ymOpI5qR2agPEV+irBiSX8M4glUvv1MdfNdrbMnMHtjOGDF/R0NPuQvQKJPZ16xmggmEcffg4W981ruJqdrYmHLaqhvUuFx53wkA0kB8dbKNif38z7zVnrE6Sl32nw+SGwdORF4syMzNhIYDez4O12Cn7y+F8jKMfKHX0DVDZCvNPAxpjAZvcdpoS8Fzr0ky7DFmeJ1KxuuYj6DawTtnIJB5jnk/z+Y+ioNiog7+VKow3Q30Oh8+sUpa8HFAGUmvgRB5nBfO2dggtTKyRV4ENOZJtK79Bubh4v5Aq7xCAxXTXKv3Hg/PPQLmg99ya5ishxUy64QKA9GHpfaXlfXV2JddeSDeC2mno3fhQQFQRRASS4EpcLBlncIb8op3zdE33M+gCcRVdVfHe5K9Gb38YKCQIHBfDMXO9Ot1c1Ldo4Lr5HlhCXo/HbWAfnwmwoU03LE1m45NGJPbaWa4cSqboXVlnz0RKK/BGVm9zXuTP9DRqNtzsAJAo4VCEXA+ccIioL2MDb80dWy/wrfLfWF9rc35BGEZUwzhhnhOA3qhMFhXkTtiTNTRSgEYhqSDWeFijPHVjiIbJDZAlGmxTTNYb73e4TfHxKNEonXkUuUXYt3BjMQflZ6dJYb/67+v5e5h56aI1XLl8JBNQxgboeryemLRUjVuhu8+Bs=
sed.reggarant.ru,Russian Trusted Sub CA,52B05B073FB11EFB10D0242AC130004,3980,MDC,2025,precert,2024-09-16 07:12:23.281,4961,MDC,2024,precert,2024-09-16 07:12:23.281,MIIFdDCCA1ygAwIBAgIQBSsFsHP7Ee+xDQJCrBMABDANBgkqhkiG9w0BAQsFADBvMQswCQYDVQQGEwJSVTE/MD0GA1UECgw2VGhlIE1pbmlzdHJ5IG9mIERpZ2l0YWwgRGV2ZWxvcG1lbnQgYW5kIENvbW11bmljYXRpb25zMR8wHQYDVQQDDBZSdXNzaWFuIFRydXN0ZWQgU3ViIENBMB4XDTI0MDkxNjA3MTIyM1oXDTI0MTIxNTA3MTIyM1owKDELMAkGA1UEBhMCUlUxGTAXBgNVBAMMEHNlZC5yZWdnYXJhbnQucnUwggEiMA0GCSqGSIb3DQEBAQUAA4IBDwAwggEKAoIBAQCwsG+t5Z7YKtp6DjBj/XIZshF70VYcfLD7J61vpaynYodWFvPuxqAttJcY485t7nKLaNO18ITX1KBmdsVpfmBHB9b+l46lZ/MzRfwYlnmqUZFtfNXaWs8uhNCGR8Mx/RKcpxbecU2vMjomVRS5Un7EXhD2eXle+ARxevksPOaFw6cRvkwhW+FS/0Khw4FK3WYs4kXIi4qjtgd1o3iV+IHqCp2jDVfED4PqAnhXCD4NvGFXOv4TwyoWwlRMFuHB1rEigbLxThbtMa1YvRBOi82uMAx7V2OqqCyqjdwV9JVotbao8PFDi/ihAsmPkgnkauz2cgvjnz2o9EgI6Rgwy5EbAgMBAAGjggFRMIIBTTAdBgNVHQ4EFgQUVA5j35kcLCCNuYYMAZuJeXOpBPowHwYDVR0jBBgwFoAU0eFxDQstgU5uikqPTCOzTF6raQswgbYGA1UdHwSBrjCBqzA3oDWgM4YxaHR0cDovL3Jvc3RlbGVjb20ucnUvY2RwL3N1YmNhX3NzbF9yc2EyMDIyX2R2LmNybDA3oDWgM4YxaHR0cDovL2NvbXBhbnkucnQucnUvY2RwL3N1YmNhX3NzbF9yc2EyMDIyX2R2LmNybDA3oDWgM4YxaHR0cDovL3JlZXN0ci1wa2kucnUvY2RwL3N1YmNhX3NzbF9yc2EyMDIyX2R2LmNybDALBgNVHQ8EBAMCBaAwGwYDVR0RBBQwEoIQc2VkLnJlZ2dhcmFudC5ydTATBgNVHSUEDDAKBggrBgEFBQcDATATBgorBgEEAdZ5AgQDAQH/BAIFADANBgkqhkiG9w0BAQsFAAOCAgEAi8MxE7Tj4IJTBD7OIXtLEOKlw2Rqh94Yh9BQ67ygLOyxWKBfUfPRjFqIMysqDAhK4BvHlgKCpd3ZzXSLXok7dxUY187+ClP7Q+lnltMTCrNInBhZ7PjHg2hWn7wxj6z+qmV/512ZHnwHHCSckfdmEnUfv6BDw95e5/lbxhtvh6ghz2ezriR6Mm2KNBGkAbpKTWzaQaZASJdM0O/+oB5GyiwzrGg4Te0lF0reG45VmALGPkadw+wnng9T66YmQqsXPcqtJIPc2/YsDJyh0+CdSuNi2MbR9BX6Iv0TrJx6KX4MmQHe06GbPsgIGCVW+xehrOx0D70/hkSNs7penw32OuQRPUOUqugF0yel52zZCM9b0aZg+am00Yq9lQP9aUCXhkhkPoEUzthiZws5RnSCi5oN3sni2dvNuvE5q4LM4e/nQ05BZ0xzG4XqLvUpkq23dhrvncFhPF1TJ8IWQewXSZ8kDb8uxWwHkro4pUJkfwGEmPd+IzaBPE2FjElztu/iAMvlOmPmrtt4rcC+YMBr8bgAHVlYPyNyLY+7uqHuNhwG2c6AS68ESTGQD2BeBKYDmlY6yqcFrFIVM6x7EYYm2HreoQPSZWZ7+01kPtFw1c2mODfMUmSrOw7sUoBhvoQuxpICtxmNBExfE9DwO0ykGeKblFQd8wtamrRgLaJGj5g=
nuc.voskhod.ru,Russian Trusted Sub CA,7AC3C18E984C11EFBCC30242AC120002,4902,MDC,2025,precert,2024-11-01 12:26:11.685,5010,MDC,2024,precert,2024-11-01 12:26:11.685,MIIFcDCCA1igAwIBAgIQesPBjphMEe+8wwJCrBIAAjANBgkqhkiG9w0BAQsFADBvMQswCQYDVQQGEwJSVTE/MD0GA1UECgw2VGhlIE1pbmlzdHJ5IG9mIERpZ2l0YWwgRGV2ZWxvcG1lbnQgYW5kIENvbW11bmljYXRpb25zMR8wHQYDVQQDDBZSdXNzaWFuIFRydXN0ZWQgU3ViIENBMB4XDTI0MTEwMTEyMjYxMVoXDTI1MDEzMDEyMjYxMVowJjELMAkGA1UEBhMCUlUxFzAVBgNVBAMMDm51Yy52b3NraG9kLnJ1MIIBIjANBgkqhkiG9w0BAQEFAAOCAQ8AMIIBCgKCAQEA1layb1ZWJK7jilj83dEp15j5wLr6G52ra5+jWcHOH7KKJJrdtSZ4KLaSvify9plLrlG4t/xhETNW1eh3IT5OtuL+eLXwx9puGdvjeeNxi0IyKOpXOJeGf+fY9OTAb36U41u9kY+sR5lamVU+6GDAyhlomrMXdFqqrPVPk0JaG9CKNio4muBtIy6yVEgFXTXer4XabdIwrijpW6rq5s3nJceuBZRWSHxK3CIac6mnpkJzgnOPbLZmpYkegaLHK6091ZZ0wFHRTrZ6t0GJekiPivi0JPNT4G1sqtwJRehqw0ChXYlFGn7rqTvSYYXVDvTDLH+zSiNEVPAC6pzF/2l+CwIDAQABo4IBTzCCAUswHQYDVR0OBBYEFNuO/hc+mEDCjyCcXkvXcMCesdaLMB8GA1UdIwQYMBaAFNHhcQ0LLYFObopKj0wjs0xeq2kLMIG2BgNVHR8Ega4wgaswN6A1oDOGMWh0dHA6Ly9yb3N0ZWxlY29tLnJ1L2NkcC9zdWJjYV9zc2xfcnNhMjAyMl9kdi5jcmwwN6A1oDOGMWh0dHA6Ly9jb21wYW55LnJ0LnJ1L2NkcC9zdWJjYV9zc2xfcnNhMjAyMl9kdi5jcmwwN6A1oDOGMWh0dHA6Ly9yZWVzdHItcGtpLnJ1L2NkcC9zdWJjYV9zc2xfcnNhMjAyMl9kdi5jcmwwCwYDVR0PBAQDAgWgMBkGA1UdEQQSMBCCDm51Yy52b3NraG9kLnJ1MBMGA1UdJQQMMAoGCCsGAQUFBwMBMBMGCisGAQQB1nkCBAMBAf8EAgUAMA0GCSqGSIb3DQEBCwUAA4ICAQAHI5S9HBvVDwRpivZBqWuRYFHFqBCYEa7Ji7WNGw+F1P4557bppWMdbK1CwM5MKQ4y9Idu14rj/K1SzMLZ0J9rgVPLCQ+6OOS09Fjn7k9pQuZ3NSnRul7F10TVPsm8jKkqTrGUGL6rH8wnILajAmEKzrNBnodOCaUIVi3z6hme90R3HhIrX4Tlps5zqAvBRiXXzmBpflO9SnUtO+Vyj6pFaW287Rw6lUmCWlnj6o8e2w7XwNBf8xu24FGnkOC3yHNtu7abbNXIKPDyumr6UWWUtuCIYHrQG4EqX2GYV7+OU010ZlFul5SuCwttDlv1Vk0wUryf6CWcakQZCdbflThWNI9DoILM4Ym+glutRmpOfZGMAYmoekJc4SuLL3no2tOSOOBq2zagiDVSAPQFI9RZiFKmtijttxM14BImBkRtluJ9xsxliY/kBsvjE3UHvzYRdk1SzolzdccFGVc9oNji4clKofUL6sPTyyiGXZ5gDuQCT9ynpc8mZTrVujPEkv8JaIyAgn1GddKiMY3LhdmP9h53JEqvKxYQLCMSQPFvzyPiIMoHDL0fejhJi+VliWtQYgroPLMThQpecpqGsjMgNwwtsWTjl7rQemX8mG+XM6F7gTcBYhGoyj3xqvbpccwbw0a6xT1wc2/JPtebqpSnW0/n209CumAuP5w9umpu/g==
gosttest.zn9.ru,Russian Trusted Sub CA,1A2F88A75D111EFAB230242AC120002,4025,MDC,2025,precert,2024-09-18 15:16:40.829,4969,MDC,2024,precert,2024-09-18 15:16:40.829,MIIFcjCCA1qgAwIBAgIQAaL4inXREe+rIwJCrBIAAjANBgkqhkiG9w0BAQsFADBvMQswCQYDVQQGEwJSVTE/MD0GA1UECgw2VGhlIE1pbmlzdHJ5IG9mIERpZ2l0YWwgRGV2ZWxvcG1lbnQgYW5kIENvbW11bmljYXRpb25zMR8wHQYDVQQDDBZSdXNzaWFuIFRydXN0ZWQgU3ViIENBMB4XDTI0MDkxODE1MTY0MFoXDTI0MTIxNzE1MTY0MFowJzELMAkGA1UEBhMCUlUxGDAWBgNVBAMMD2dvc3R0ZXN0LnpuOS5ydTCCASIwDQYJKoZIhvcNAQEBBQADggEPADCCAQoCggEBALlyfiXWNLS60VJ1oSFnCG9m7R0sluDLs+mkegf2+d4Zqtrx2y6SQAs1ZESUrSShumWvvy5l7NuZU2oWmn7jJFfhv1c3/dUbnJGywFc3SgcO05vF3OCnYcaY57Cnzuohrtk5VGNIvTldAeCNk3IbDQa+NtsFRZ4DJeIMBIu01A7vuDj6OfTKEv7r4fp9A7rVsGAY4crCSdpzaXY/vBml4s0xbFKyrFVz1/5mec2WlWtbGuZdr2v+c+yVylorRLQcQ+UhRliUZszP/uksR3W1UdTvN0QOhoTaa4b94WgKlO43oFtrt+0JnMOTOEZApcbLSAJ/509ah9mHdV/bynhVj7kCAwEAAaOCAVAwggFMMB0GA1UdDgQWBBTlVrkLHh5LUjnDLdO4EMveBU38aDAfBgNVHSMEGDAWgBTR4XENCy2BTm6KSo9MI7NMXqtpCzCBtgYDVR0fBIGuMIGrMDegNaAzhjFodHRwOi8vcm9zdGVsZWNvbS5ydS9jZHAvc3ViY2Ffc3NsX3JzYTIwMjJfZHYuY3JsMDegNaAzhjFodHRwOi8vY29tcGFueS5ydC5ydS9jZHAvc3ViY2Ffc3NsX3JzYTIwMjJfZHYuY3JsMDegNaAzhjFodHRwOi8vcmVlc3RyLXBraS5ydS9jZHAvc3ViY2Ffc3NsX3JzYTIwMjJfZHYuY3JsMAsGA1UdDwQEAwIFoDAaBgNVHREEEzARgg9nb3N0dGVzdC56bjkucnUwEwYDVR0lBAwwCgYIKwYBBQUHAwEwEwYKKwYBBAHWeQIEAwEB/wQCBQAwDQYJKoZIhvcNAQELBQADggIBAJqVswkF3aPjTK4U0wptPSaNvCECDifcHvfe33wABr8ggojCnIhe2bty+bHAWLqqi/YmYXHw21WrKfGLHiD3wShdH3+0RckJDkiufBvYK9LtElhb0znIQ2Kvq3vkFp2xkHgaGpY86RkpuVy92ofZDPsmnU9DiZ7dyAIYryJCGGa/Ob+ZkBUxVnnT9D+kkVH6vtGNJ9bvgslKEdebnG64zJwCeqK3QgoUw8s6cU0DICGyClaJpIhNNJ0ESKWvUsORevjHfuw1Nwu5BPbP6JJBKCNINwtpb9+eBJJKjXoYAE7quiR3j3L4vr2aSbdV/EX7lQITfavWSZufKdGStqSuFCX3WR3M95n0jWugJYmI3IpY+ZGjE22z6+EXphs7bQ/RLPPr1RWWJAzcqdDRc8ZRuD0CQgPJ4xuDlU1QFMhzWR9BEHOytV8qxPedbSINS+eOisM0LnSAskR8prRSZInJcsrD/Bw1G2iv6LyawnnB9VegLlI5zluP1R4VTvpWL4fnMDg1SLhlGOf0LU7IHycMGSTUc8W1ilk8hpbsaJPR+kCbd6lZ3cPKJQh5MKhiRCqjQBFdM1UvqExQB+skGxk8l9vcHZKlb4hIz2+Gh1gNKMpijYG+F7whJjxNEhDqOio1Up7Q7BMUwmTPx9RHyvq4JwGlHSsGHDOvXA0HMWxYVeWI
videocams.ru,Russian Trusted Sub CA,B6A86AC4DF9711EEA22B0242AC1D0003,4791,MDC,2024,precert,2024-03-11 11:08:39.330,4814,VK,2024,precert,2024-03-11 11:08:39.330,MIIFbTCCA1WgAwIBAgIRALaoasTflxHuoisCQqwdAAMwDQYJKoZIhvcNAQELBQAwbzELMAkGA1UEBhMCUlUxPzA9BgNVBAoMNlRoZSBNaW5pc3RyeSBvZiBEaWdpdGFsIERldmVsb3BtZW50IGFuZCBDb21tdW5pY2F0aW9uczEfMB0GA1UEAwwWUnVzc2lhbiBUcnVzdGVkIFN1YiBDQTAeFw0yNDAzMTExMTA4MzlaFw0yNDA2MDkxMTA4MzlaMCQxCzAJBgNVBAYTAlJVMRUwEwYDVQQDDAx2aWRlb2NhbXMucnUwggEiMA0GCSqGSIb3DQEBAQUAA4IBDwAwggEKAoIBAQDTsR6whoy9k4T1M5yVl2I26Ek2I2pJbuD6lwtaxv37ncZEDpnqTV1XaVSrmUsaDiG216J3p7OwOym6/oUAolXP0EuPt+iF13XJOBX/AirZ2uAETgpWaU3zSYqRfstLBwk4YFxDxTDE27DrD5BqU3LPiCJs4jPJOkIrkNFEi+4DKMm8Sdo8fXaQ0ObPyc/6mmGCk9pZj7D0OPNSBzy+aGwC8DdsuuB9ewqdqGwBXB++r5Ku8m6Q3+65pexyOYGgaZfVjxlGZDCDTMms9cZgOP+XseLVTjysIkitwMlW7VmpQTlczecEFnIXbqELIg3eNLZsfIKal5kUSwRRp3uum9GZAgMBAAGjggFNMIIBSTAdBgNVHQ4EFgQUVY6KElfLLzKNG7yjksn3AySKwMQwHwYDVR0jBBgwFoAU0eFxDQstgU5uikqPTCOzTF6raQswgbYGA1UdHwSBrjCBqzA3oDWgM4YxaHR0cDovL3Jvc3RlbGVjb20ucnUvY2RwL3N1YmNhX3NzbF9yc2EyMDIyX2R2LmNybDA3oDWgM4YxaHR0cDovL2NvbXBhbnkucnQucnUvY2RwL3N1YmNhX3NzbF9yc2EyMDIyX2R2LmNybDA3oDWgM4YxaHR0cDovL3JlZXN0ci1wa2kucnUvY2RwL3N1YmNhX3NzbF9yc2EyMDIyX2R2LmNybDALBgNVHQ8EBAMCBaAwFwYDVR0RBBAwDoIMdmlkZW9jYW1zLnJ1MBMGA1UdJQQMMAoGCCsGAQUFBwMBMBMGCisGAQQB1nkCBAMBAf8EAgUAMA0GCSqGSIb3DQEBCwUAA4ICAQBJYA5SiOyg7Jc6GBmN+5Zme0afswWTfAlvqbrQKE2ggz5D6gVHRdRasOmf7q/S6RZtT7CBzhg3sCk0EIu2rSr35Z0AAHpvWyZEL8ROCMi3dfuMskDf0FaXJjkpZg0nqsvHahlesaOvcyoh07VgQQztLhClOaqFj+grwcHiErHhAcj/+q4USOX5vs1cfGjB2+g4wAGlCAUSJPEdteQSHTBfAzOxLYQUgpSJqRlRy3XTmkaJSAwZr6oLCYwKJ881NF3n9f6OHnb9wp/OV2YPgLnvbWyWwYtixe8h/W3N8+netKNJCFcFMOj90A0uZp0fjZtC+k6lIaAIb9gnBhLcHD1gHh4KUFoJexAwWTKohgj0WDIg1J8FC+C0Cns59zYZAgBjdmHuDH+C1Cm77ZFSgLueMmmubO37wDDMxeFy8Z/dAOw1dSC3rwqGHuqa7lM8b4OvUzIqP2IDoO2f1kEUDxRe0vjWgtUo5eMuH4yiEqBH+K4qLIFs3dhJHgFsb/axcRlWzMEIApOjmj87MjEJIAeElJtzEtUJ98FUAl2L8jRuPO+IvPhjtM/drOxJI+JiGcITn7wIlthY+y9M9L5f9a7WqkFm2M0qetZwsqvmSfalSG2w31N/usRO7N6dvCrTDtDO3DwXWqAmN1XscobM0X1CYA28zRK6cOVuh2xRfXHHRg==
sberradar.vsrobotics.ru,Russian Trusted Sub CA,D73CC5EC86DA11EF96870242AC120002,4695,Yandex,2025,precert,2024-10-10 07:39:54.440,4694,VK,2025,precert,2024-10-10 07:39:54.440,MIIFgzCCA2ugAwIBAgIRANc8xeyG2hHvlocCQqwSAAIwDQYJKoZIhvcNAQELBQAwbzELMAkGA1UEBhMCUlUxPzA9BgNVBAoMNlRoZSBNaW5pc3RyeSBvZiBEaWdpdGFsIERldmVsb3BtZW50IGFuZCBDb21tdW5pY2F0aW9uczEfMB0GA1UEAwwWUnVzc2lhbiBUcnVzdGVkIFN1YiBDQTAeFw0yNDEwMTAwNzM5NTRaFw0yNTAxMDgwNzM5NTRaMC8xCzAJBgNVBAYTAlJVMSAwHgYDVQQDDBdzYmVycmFkYXIudnNyb2JvdGljcy5ydTCCASIwDQYJKoZIhvcNAQEBBQADggEPADCCAQoCggEBAOWUpJJTJFJA5fI0pAVfuE7nogNOZMRIPlb6eHrB+l1CD6xL+HlBUh3zrpB+BmWUui5aoWbL9hqO6XXMbW9WMtjaQrcejCHENxXC3QZDqhjYtnutga/xIKkz9JbEPoLzgy+mSea0hcW0huIyt+RUgqSN+pqsbSSH+Y16iw6bho5zCeMsin3oDqnz2LbM8uOigbXnJBJHhpm2F7n+93yd9cH+FtJ33oaBcBkbkUNPnX1CKfKN6RcKbCO1ghPPBjCRXHWAFSt1Zw4cdz6xNSgFf6b1JqVlC+qE9RDbKcDg3JalkxwsxRXyIvppGXcEumYo8w33OFPN6mq1KJDXXocuTKUCAwEAAaOCAVgwggFUMB0GA1UdDgQWBBQxAu/lX45zshesQBWaxefo6QI05TAfBgNVHSMEGDAWgBTR4XENCy2BTm6KSo9MI7NMXqtpCzCBtgYDVR0fBIGuMIGrMDegNaAzhjFodHRwOi8vcm9zdGVsZWNvbS5ydS9jZHAvc3ViY2Ffc3NsX3JzYTIwMjJfZHYuY3JsMDegNaAzhjFodHRwOi8vY29tcGFueS5ydC5ydS9jZHAvc3ViY2Ffc3NsX3JzYTIwMjJfZHYuY3JsMDegNaAzhjFodHRwOi8vcmVlc3RyLXBraS5ydS9jZHAvc3ViY2Ffc3NsX3JzYTIwMjJfZHYuY3JsMAsGA1UdDwQEAwIFoDAiBgNVHREEGzAZghdzYmVycmFkYXIudnNyb2JvdGljcy5ydTATBgNVHSUEDDAKBggrBgEFBQcDATATBgorBgEEAdZ5AgQDAQH/BAIFADANBgkqhkiG9w0BAQsFAAOCAgEALuTMK+y1wY6lGCNKRtJ2zqNaWJK+Gbgu02YtUFljBfCeEGqDygDo0/++MMsHFpYYbYD0/Ee2bkgqO7LT+Hj9k4W3SJIKVbm2WtK4KqeVDp1WtXlBfyBnFTSRZ3pjHWhrP12RiCQMzSXZQky8pZDfoi80cyHm7WaZ5pCpichZPitZq4CZKWke2eLKrXEBFiRxIkYvDZk1O3FTWE69CkLOS7Dz9GU8m/qYPdBYmQMv5jSSVJ/jm3U9+Sz6GdM40L1t35X/LKdX6Yn27/+39QDsii2xqpNa4kr02wuom8MpZ0I8/LC6mUTympZHuzwpr05mkDfUzlbDPTrQalIgb8cxcM8GBLDHeCVQVBRUfYAiCVXBtmfw+afNHuX9xRwyxRz03wF2NGzR/XtuxwnGjHaOtTaMFKa/WErHc0vkTYj28MNBObVXi5DU54nEPQgDAn6fk+UN20XI++0DEQfGOZxAjQxk7iyfla/88iLcXNqUK5QFDVGjZ5/WMnF8pqqY6pdkAVGw1JwCQ1vMuvdfZhIFR9eQmhJjzOrsNapQsLktpL7UwxJkee0MTjpfirSyVdDtpw69W4tn4LkeGtK60J//XagKckh8SRTQVUZDzIza0kklqeqh74RN7mhAtTnmY12wdislT+jCEFCBQ8VkKrrDZezg8Rzu6Ijr2z7DIxxYwDs=
internal.dev.cbg.ru,Russian Trusted Sub CA,2700C8BE6C3A11EF9E8C0242AC130004,3801,MDC,2025,precert,2024-09-06 10:24:09.052,4955,MDC,2024,precert,2024-09-06 10:24:09.052,MIIFejCCA2KgAwIBAgIQJwDIvmw6Ee+ejAJCrBMABDANBgkqhkiG9w0BAQsFADBvMQswCQYDVQQGEwJSVTE/MD0GA1UECgw2VGhlIE1pbmlzdHJ5IG9mIERpZ2l0YWwgRGV2ZWxvcG1lbnQgYW5kIENvbW11bmljYXRpb25zMR8wHQYDVQQDDBZSdXNzaWFuIFRydXN0ZWQgU3ViIENBMB4XDTI0MDkwNjEwMjQwOVoXDTI0MTIwNTEwMjQwOVowKzELMAkGA1UEBhMCUlUxHDAaBgNVBAMME2ludGVybmFsLmRldi5jYmcucnUwggEiMA0GCSqGSIb3DQEBAQUAA4IBDwAwggEKAoIBAQDJarBIHqPXVNTy/ZnVpzAWVzot2aG3CdDCvvzAHFauVBPRHY8ghg/1JY5CGavB8SgFFXc1rySpOPytp14uoUF2C+lsAHPywes3+3R/qdM3U0YWuch4pEmOUAvQyJLeVonvn+IcF+feoVb5CHKaueo/ivWlX2olQEP1HHssrU7LdwZ8XXsCVQTIpFi7L8d0h9FVzOMDF1NYp8oShyuHWfkCCGAOL8lNJgm0x+HB7DWkB7GMdBAcPZ+CHTZ0zn5RR1iBqNtWPRSB49d47LNfNvXh7ZH1yMzXx4xmTphKXGhUF1XX9rOkf88rciBhDsfBQ2IM+k7uk8R+fSqcLFzMqIzpAgMBAAGjggFUMIIBUDAdBgNVHQ4EFgQU75W9+nPMHdNGU4bTirsO1w78HzIwHwYDVR0jBBgwFoAU0eFxDQstgU5uikqPTCOzTF6raQswgbYGA1UdHwSBrjCBqzA3oDWgM4YxaHR0cDovL3Jvc3RlbGVjb20ucnUvY2RwL3N1YmNhX3NzbF9yc2EyMDIyX2R2LmNybDA3oDWgM4YxaHR0cDovL2NvbXBhbnkucnQucnUvY2RwL3N1YmNhX3NzbF9yc2EyMDIyX2R2LmNybDA3oDWgM4YxaHR0cDovL3JlZXN0ci1wa2kucnUvY2RwL3N1YmNhX3NzbF9yc2EyMDIyX2R2LmNybDALBgNVHQ8EBAMCBaAwHgYDVR0RBBcwFYITaW50ZXJuYWwuZGV2LmNiZy5ydTATBgNVHSUEDDAKBggrBgEFBQcDATATBgorBgEEAdZ5AgQDAQH/BAIFADANBgkqhkiG9w0BAQsFAAOCAgEAds2Zr19sCE3s2skkpSeLd/47zJGyTedP67I0McIfYTs9Y/pzqSHwtEh0tliZM052RZn15b8G++phZvNv0zp+NjBB2QZTBQuxL8pFONVCIMcOjeVohs1nkSmuGRFTntwNn2JFGj8uAAmTSTS9cQojvF6Bi9h9c5iGUYRjm7QdjM+PVWlbiWXdTXsEa49DDpk3S1E+Bq8j0o15pabSVBf87dSZxA25tH7oXk2z4J7riNVmAhwrtK96jqWNEMyzOALlom27rt2Ai+fVVWh8M4acSDxFnvjuVHfshZjbkV/rTg7zOhy5ddNx5f+tFopmOd2NiF8J2EKkAZbEoIPkkkTy46aOs7cK8sTY1/dDkKG1Gs0iuIBidHtkkuzE1lBmTjen8ftlxQDLGUIpvzjDfOyr9lSmW2SR9G6jwTEIHO2VRr60WgD5wBM1FcUa6TSYmUsPpiFp+eceD3YDnL6Nd9nRjw+reCnnx/f9SkCM3o1k+7kxozysVA1u0Rgrv6LtCLSNl+XSetO3dMWUUNeP2SwWdYrHwwcC68VbqRcLSTYI7pFeeQCHGU+P6NX6G7giloToRFvYbsvLRc4BBpqGxM7hNEhE0yQinCvugZOuV8Dq5bxoRyNHa00s1eVULlIru0Rc6Kxo6NfYW1f0YR2l27y2s6iAQFRrr6hPWn7UCjsYWWo=
nuc.voskhod.ru,Russian Trusted Sub CA,8924B2127B2B11EFA3220242AC120002,4219,MDC,2025,precert,2024-09-25 10:47:18.686,4974,MDC,2024,precert,2024-09-25 10:47:18.686,MIIFcTCCA1mgAwIBAgIRAIkkshJ7KxHvoyICQqwSAAIwDQYJKoZIhvcNAQELBQAwbzELMAkGA1UEBhMCUlUxPzA9BgNVBAoMNlRoZSBNaW5pc3RyeSBvZiBEaWdpdGFsIERldmVsb3BtZW50IGFuZCBDb21tdW5pY2F0aW9uczEfMB0GA1UEAwwWUnVzc2lhbiBUcnVzdGVkIFN1YiBDQTAeFw0yNDA5MjUxMDQ3MThaFw0yNDEyMjQxMDQ3MThaMCYxCzAJBgNVBAYTAlJVMRcwFQYDVQQDDA5udWMudm9za2hvZC5ydTCCASIwDQYJKoZIhvcNAQEBBQADggEPADCCAQoCggEBAMzx+G0I8/8DmNoQZk6BTPReuV9FFJgwUwSd7IquGpqa4n/oesXusQFrpvqOpah415VmzPXMjycS/8FdAggsxuPSFkZN+rRHVmYqLB9+2UXEWkmdFtOrpQqEKe3QX7DT74lwWh2E1Oif/qUuEYS7hqWg6cZ93Eh0oYNQzwxkFoL0wkWI0RNh6ZOxZZJGjWujeC+r8KxK+76u0EW8izZrVYbV2cdqhw5w9lKzBqQ42OyAmmUMsNeDOEnPAPQTXwVIW1J7rKNAej15cSnzEpWQVx7NqgSKhpe387qlOFjkV5uj9JnRhf22j2/Y6e4wzoUKUS8abijXe52GpjEU/t8BMycCAwEAAaOCAU8wggFLMB0GA1UdDgQWBBSFVmA0EZzMQLCvTPPGLAPuFDHJdTAfBgNVHSMEGDAWgBTR4XENCy2BTm6KSo9MI7NMXqtpCzCBtgYDVR0fBIGuMIGrMDegNaAzhjFodHRwOi8vcm9zdGVsZWNvbS5ydS9jZHAvc3ViY2Ffc3NsX3JzYTIwMjJfZHYuY3JsMDegNaAzhjFodHRwOi8vY29tcGFueS5ydC5ydS9jZHAvc3ViY2Ffc3NsX3JzYTIwMjJfZHYuY3JsMDegNaAzhjFodHRwOi8vcmVlc3RyLXBraS5ydS9jZHAvc3ViY2Ffc3NsX3JzYTIwMjJfZHYuY3JsMAsGA1UdDwQEAwIFoDAZBgNVHREEEjAQgg5udWMudm9za2hvZC5ydTATBgNVHSUEDDAKBggrBgEFBQcDATATBgorBgEEAdZ5AgQDAQH/BAIFADANBgkqhkiG9w0BAQsFAAOCAgEADoZss04aexr0OiNcpPHipuVuw7PFZJT12sbgcAzwXDyxEVGRkxUVj9gjZYfp6sX3z6Kivu+vy3BPR3Yv6UBHoCQj0FLNxvtIRbUVNnDWmKXHv8j7b1xe/y9pmOQOGkfbxQ+QmdbzaWliud59RDcWxkVtVX+8pgGJH8wWkOFFoA3v+TXKIKfxJIC5N7eJK2hLK/OM7rK7NHcp73Q0aMrWNPahqsWO7F3KxLhKzhKdmGmNJ51/0WlDmsz+wzXtPWwzhFmJgvl9Bp/39pRwOXXfBvcTk292X3K3GfSoECvORvyGbw/orwsfBjsGp7DACrBAtm0ueoBy+KvAEwOt+6DzLk5O2Y4uXPIzT4hgyvj4qMGTDhgIBMg16j2wEQEraAwem9QyvD++Yw0QLZW285CC9wSR1ATr54GxZmQ3+QlQrd+/ElZoojNDBfdVRUb4nrN8UgAmi4rcDgOiKAzWG8x4fEQt2qTie8Mfs7fD2X8uw3zAfAKB9UsnHKcJ1eClIF3/wD+nvqC0RysPmyX3e+yg3RrEbrnMZyl4OKj6HJO19H8FhTnfm5amGBvlTpXdmOQ44CO9mGdF5vdiZgiqtKsOHG+6tSfdlWZifl3PDStx6VGIqjjBUSjNBpoFX0Pv2RqnD7kP67mXP43hzIaXBAVcrQsF/pALbHVqHM8CSS3OOrc=
senika-shop.ru,Russian Trusted Sub CA,B7B5D1E4F74411EE902D0242AC1D0003,4812,MDC,2024,precert,2024-04-10 14:15:00.771,4843,VK,2024,precert,2024-04-10 14:15:00.771,MIIFcTCCA1mgAwIBAgIRALe10eT3RBHukC0CQqwdAAMwDQYJKoZIhvcNAQELBQAwbzELMAkGA1UEBhMCUlUxPzA9BgNVBAoMNlRoZSBNaW5pc3RyeSBvZiBEaWdpdGFsIERldmVsb3BtZW50IGFuZCBDb21tdW5pY2F0aW9uczEfMB0GA1UEAwwWUnVzc2lhbiBUcnVzdGVkIFN1YiBDQTAeFw0yNDA0MTAxNDE1MDBaFw0yNDA3MDkxNDE1MDBaMCYxCzAJBgNVBAYTAlJVMRcwFQYDVQQDDA5zZW5pa2Etc2hvcC5ydTCCASIwDQYJKoZIhvcNAQEBBQADggEPADCCAQoCggEBAPukUQF2yNj7Qra5RloGvW/ris8qNpBtWqh7aPLIgoPSbe02ObG+2p7TQhoSni9VQC+viXoVuFh/He68Pz4zziQ3SZHV1VeT9Zsd6UJcmtnJAKlB43YPMtymtr23Of8ZCYIulgFm5C0JBh6yLKuPCqbfXehTRAsMo+IOWy+1wIACuQK4XxfEOlwgPdl2/uOyKzZmCjtWHNFKuj1D+Bm9DXgm+B3cIfXiIORuDrZiapUQSBtagKHJ8D01N+ac38XQ7VHW0gpGxlMNgH0NPqh1fFCJlJK25goiB3I7AMuWVwgYsQLJ4jTgKMQFVGDQJFZlX7Y1U1nnaxHi/GEYcbMskVECAwEAAaOCAU8wggFLMB0GA1UdDgQWBBRz+7WKJIrjqzu6vvuAYXJK1xeRsTAfBgNVHSMEGDAWgBTR4XENCy2BTm6KSo9MI7NMXqtpCzCBtgYDVR0fBIGuMIGrMDegNaAzhjFodHRwOi8vcm9zdGVsZWNvbS5ydS9jZHAvc3ViY2Ffc3NsX3JzYTIwMjJfZHYuY3JsMDegNaAzhjFodHRwOi8vY29tcGFueS5ydC5ydS9jZHAvc3ViY2Ffc3NsX3JzYTIwMjJfZHYuY3JsMDegNaAzhjFodHRwOi8vcmVlc3RyLXBraS5ydS9jZHAvc3ViY2Ffc3NsX3JzYTIwMjJfZHYuY3JsMAsGA1UdDwQEAwIFoDAZBgNVHREEEjAQgg5zZW5pa2Etc2hvcC5ydTATBgNVHSUEDDAKBggrBgEFBQcDATATBgorBgEEAdZ5AgQDAQH/BAIFADANBgkqhkiG9w0BAQsFAAOCAgEABiifuzcl35hg1SUwBAJY7+GvTmcGS8USObuU4P9QfiMCJ8PCf+1jJMag06KZte9sHlA4Nava0CrOXM7bkKCTP1L/CpnsadLWQ5UmHyHmVyT2PqH+rV1VOhQWM3YvrMlZ4pHIWnCAFXgovHJbqLGaP1j8/p3efr35n4OLkoa2Lu5alK4lSx7FOFHQ1unmiRjn+LNsS/MXt302YC9XSwPC/20ewQ5nulPFlj9T+4g/Mlx5AmQWOv7ECptFf9cxH6TsAWiKara8Y0m3PIUpE3+lXmaP/6287EZohuBqVhbYPFU7HTn2ckwqS5ry8q9wdyGlhqfgBdEs3uTwAmoZMM5bM1CJ+slDyRjWffP4HFoBxEi6kkvAe2W1CN29qYOtWFvvCeC6ERbmjedTKVhf691kUcN2m+cD3A+d2XAWYS5HINzj51aaIXMyeP862htU5kOwq0ixDIaZlTxFykfAhom857fze6f7c4wJKeWXYDveOAWpMTbR/Ym4cXtn6tzyv+6nJuTJDws1C9P8zVkZof+ai2oxGNMqthkJQrhntgyFjXjWvrNNxTIm7QipsxvQYCtlXeD2wZhsK1k65KO0jDUYI7LggLGz5e9244krWB6NA800M54CdVWKAQ1/CnG/IjZXWi5YUjJjnI1ymbitU4wFHaa8sS1Q8lAFx19GgkRPltg=
1elecsnet.ru,Russian Trusted Sub CA,4B2FE256652811EFA01F0242AC130004,3545,MDC,2025,precert,2024-08-28 10:28:40.672,4945,MDC,2024,precert,2024-08-28 10:28:40.672,MIIFbDCCA1SgAwIBAgIQSy/iVmUoEe+gHwJCrBMABDANBgkqhkiG9w0BAQsFADBvMQswCQYDVQQGEwJSVTE/MD0GA1UECgw2VGhlIE1pbmlzdHJ5IG9mIERpZ2l0YWwgRGV2ZWxvcG1lbnQgYW5kIENvbW11bmljYXRpb25zMR8wHQYDVQQDDBZSdXNzaWFuIFRydXN0ZWQgU3ViIENBMB4XDTI0MDgyODEwMjg0MFoXDTI0MTEyNjEwMjg0MFowJDELMAkGA1UEBhMCUlUxFTATBgNVBAMMDDFlbGVjc25ldC5ydTCCASIwDQYJKoZIhvcNAQEBBQADggEPADCCAQoCggEBANRO7vvjxxXs4gt88AQXorLwDcjknlQF6OvzvGn6241UdMc/0laarNYuyiDYbHcpVnfMBxXgcg70tBXnqvmVU1nD7YfV9O7/HdhdFIVN945lkIXLfg4hxAv+KmjOsnENWb37NyuQJbxFy18dHBLqSb011u4gVyL1KClrmIUZrSv80yzK50UMz1JOhIhyjvhy9oF/GNzOMs18UzEjEWCdWeZ5M4dFZEzyzTUOCVg3oAHEo56i/Hsxlv02meUByZ4W/vo413EyIwVUa/FJ1gN59inxsIqDHsSr9xkXcKSHSZmY0mB8UmCearVFQkhnfTK7kolsg+0OJMWQYOm0uAR7A48CAwEAAaOCAU0wggFJMB0GA1UdDgQWBBSrESWNZPpjpQKVTz4o+QoVZpfW7TAfBgNVHSMEGDAWgBTR4XENCy2BTm6KSo9MI7NMXqtpCzCBtgYDVR0fBIGuMIGrMDegNaAzhjFodHRwOi8vcm9zdGVsZWNvbS5ydS9jZHAvc3ViY2Ffc3NsX3JzYTIwMjJfZHYuY3JsMDegNaAzhjFodHRwOi8vY29tcGFueS5ydC5ydS9jZHAvc3ViY2Ffc3NsX3JzYTIwMjJfZHYuY3JsMDegNaAzhjFodHRwOi8vcmVlc3RyLXBraS5ydS9jZHAvc3ViY2Ffc3NsX3JzYTIwMjJfZHYuY3JsMAsGA1UdDwQEAwIFoDATBgNVHSUEDDAKBggrBgEFBQcDATAXBgNVHREEEDAOggwxZWxlY3NuZXQucnUwEwYKKwYBBAHWeQIEAwEB/wQCBQAwDQYJKoZIhvcNAQELBQADggIBAJyD4qXrVTb3aDOAOEsX2xB4iASHiCSuZAtOQUqN6xoPY2UT6/GpWQl35L67ZwWwJedkJr7DmQvPMio3ZZWEeyJf5UhwqUCdmKc1H2WGwMFeIzTnF55Kn6XIMg+iFU51ODk7PtkEI9bH0GMuWwKPur+r/MSQ0g8i3F2I9nnVsw+Ad9fhnG1NLFOdxyT5Hc7lN1FDFd64SvPUKpuq8Ry2sOydu303eBdXPv8kLY801XyuqE362tlzqGHwfFylWtJoMd1e3SRTEFigUYmCcm81dKVIPM6YYGyw7O7jG3Wr/ZAGNTZb0cPwKSbU+ARyFdusA5MKSuPbhj2QEsI9yZge2hGlKPDIlOTaXsQmRy8HjtUmmUyeOWIoWwPRM9Jx47kJufc/n4M5dkjR3LaGYh0e7eo0eu7pyvv8TfusoG5Jj4PsGzcMs6qdWehICt2psm++Di1VfWHSgJCQsHkdQJ4X71KJ4HGnuRIXinYqAGNyMmw6RSUmeb7fM+PvmFp+8v2uOHNPHsd40e1nsW5gQlc6f5JhwkOJ7f2Ez4R5ZbfwwfVtDvDtwukQiITLWfK93V2r371bvtxHD2L9z/T3I0qPm10xP4+T82ytwuYQjn8ha1iEfI6aS6dNIG0WwoN15PiWbCoPBqG8UC0j27UqmXKvp1GL3255eoymYz/7zAjfkHUA
axm.su,Russian Trusted Sub CA,41137B8E0EA211EFB76F0242AC1D0003,4872,VK,2024,precert,2024-05-10 07:52:31.160,4870,Yandex,2024,precert,2024-05-10 07:52:31.160,MIIFYDCCA0igAwIBAgIQQRN7jg6iEe+3bwJCrB0AAzANBgkqhkiG9w0BAQsFADBvMQswCQYDVQQGEwJSVTE/MD0GA1UECgw2VGhlIE1pbmlzdHJ5IG9mIERpZ2l0YWwgRGV2ZWxvcG1lbnQgYW5kIENvbW11bmljYXRpb25zMR8wHQYDVQQDDBZSdXNzaWFuIFRydXN0ZWQgU3ViIENBMB4XDTI0MDUxMDA3NTIzMVoXDTI0MDgwODA3NTIzMVowHjELMAkGA1UEBhMCUlUxDzANBgNVBAMMBmF4bS5zdTCCASIwDQYJKoZIhvcNAQEBBQADggEPADCCAQoCggEBAMDhQeIbbDP5JmHm+1ZGXrHNJe0nUZJMufnEqR3t7t4sknLnlxC38b3e9ikhwNGmLROWMyYObPbzsfSVU962GCXYRF8dOa1vtyPEIz/7StjZZSVFhpP0Ve17uC6FSjnm9Z6Q3IuSA7tK50MQuZL/p+10hdgZqaEEhcxLKUABt/uxSYSjKoq+ugDq/hl85Hg5N69MODh91yB3WZx0+bFsZ5JbsU5MnYnujhKG1pZmM740eTLG9BOYjQeUsKeJrps0uwm108mFEuMnU1prMKVU8Pv0kzba1cAG3n4EeDPidJH/ujgkxPLzv5XF3H8EbryOczdelxeL8je5ItLuO3ogm9cCAwEAAaOCAUcwggFDMB0GA1UdDgQWBBQMqUSt9hGwgoH7B//7f1DK7X8h4zAfBgNVHSMEGDAWgBTR4XENCy2BTm6KSo9MI7NMXqtpCzCBtgYDVR0fBIGuMIGrMDegNaAzhjFodHRwOi8vcm9zdGVsZWNvbS5ydS9jZHAvc3ViY2Ffc3NsX3JzYTIwMjJfZHYuY3JsMDegNaAzhjFodHRwOi8vY29tcGFueS5ydC5ydS9jZHAvc3ViY2Ffc3NsX3JzYTIwMjJfZHYuY3JsMDegNaAzhjFodHRwOi8vcmVlc3RyLXBraS5ydS9jZHAvc3ViY2Ffc3NsX3JzYTIwMjJfZHYuY3JsMAsGA1UdDwQEAwIFoDARBgNVHREECjAIggZheG0uc3UwEwYDVR0lBAwwCgYIKwYBBQUHAwEwEwYKKwYBBAHWeQIEAwEB/wQCBQAwDQYJKoZIhvcNAQELBQADggIBAJJDjycSnIKM3UxHsKjZFANB9tzUXd/L+yYLCwit7FhMI23/IPy9ayKftk1zES3WxBJcbk1P5t6OJQ4afvfwNAfPXBKzrD5dPDmlcrvXiQCD6CLTkLhBpmrfg/4y25kgdqnwWUmIMo1NxRo4xCi8CfvG7x5g/rDakczJ3aQLDndxxY3kQki6jtBLTB+V8i7NUHI8qlvWM7jk0lWDWqcu8y/Jc0CtSn0IbX1gRbPDN1Te+qqz3lGfc93c5J/9hkmtwf498rlCgZ+5IxHWOMg+aTNT7b8MJQqpBA7Hoqo+lKbHld+JPhM99dV2m3hsv7/9AUGb9Ta01mnc2ZXxZ5fJFDdR8weCC8+nr1tr42EPwUeAHpKXYG7u5AeHmF6n7eJRcqYFDv57aZQrMJyirG61D2Ng48QDjeZ2njNvscWy1+k37oagIlIxINUZE7Lsr+n/ZhvrIJ3tUsszQTLTG3nc6xfsYE2fCgQ6RU7Ageo1v1tZjLinweoTOXcpw/wBSmC1DFwqv3w1Z+ofFMEIXErPnCl/1tWVzcWie98yRDLeBNFuNIiK8s6eh1DVZy6zRBU6TTyp5zSsK0v4WuITGyZn+RzyApnNynMfA2hjT6nEXJy8XxQHGEpDsg4I29eOBS41W64rlVv0Zt/irUwGtaKERFklwfHp61yxYXpMYEkOTM/z
nuc.voskhod.ru,Russian Trusted Sub CA,3646815475CE11EFB7CC0242AC120002,4024,MDC,2025,precert,2024-09-18 14:56:40.656,4968,MDC,2024,precert,2024-09-18 14:56:40.656,MIIFcDCCA1igAwIBAgIQNkaBVHXOEe+3zAJCrBIAAjANBgkqhkiG9w0BAQsFADBvMQswCQYDVQQGEwJSVTE/MD0GA1UECgw2VGhlIE1pbmlzdHJ5IG9mIERpZ2l0YWwgRGV2ZWxvcG1lbnQgYW5kIENvbW11bmljYXRpb25zMR8wHQYDVQQDDBZSdXNzaWFuIFRydXN0ZWQgU3ViIENBMB4XDTI0MDkxODE0NTY0MFoXDTI0MTIxNzE0NTY0MFowJjELMAkGA1UEBhMCUlUxFzAVBgNVBAMMDm51Yy52b3NraG9kLnJ1MIIBIjANBgkqhkiG9w0BAQEFAAOCAQ8AMIIBCgKCAQEApGzp7TTu+yV75FU1rNsnYqTEtEwvYnmt+dbF4PK+FUNNEsCCrHOPPtDUEn0zQu224J1J+Mz6oM2ZyHAjYN0YECW31AvVP/XMrj7whoqUhlcWVGaJiMmpE9a3WuuHZGhRfHjT2S/iiMSmUeWp/S2sD5FBwvY461mAEyuLsJkBJqwByOZJ+CT0YuCAJeSWPPubces+VZawOkZQG7JEOlN8ATghbohA8T5l2hejnN2N9ObKbK5gLBq0vKnD5kStgi/+SiEvS1M+0CZrbH+iBm44p4U4d7Mg9WHB/YLkjhcVN1ePkLYSbnBpug3XnWHu2LgKgRykyySPc27Fe1mSGesUmwIDAQABo4IBTzCCAUswHQYDVR0OBBYEFATq3tYHfo4/3zKDQa4MA1Z9ghiqMB8GA1UdIwQYMBaAFNHhcQ0LLYFObopKj0wjs0xeq2kLMIG2BgNVHR8Ega4wgaswN6A1oDOGMWh0dHA6Ly9yb3N0ZWxlY29tLnJ1L2NkcC9zdWJjYV9zc2xfcnNhMjAyMl9kdi5jcmwwN6A1oDOGMWh0dHA6Ly9jb21wYW55LnJ0LnJ1L2NkcC9zdWJjYV9zc2xfcnNhMjAyMl9kdi5jcmwwN6A1oDOGMWh0dHA6Ly9yZWVzdHItcGtpLnJ1L2NkcC9zdWJjYV9zc2xfcnNhMjAyMl9kdi5jcmwwCwYDVR0PBAQDAgWgMBkGA1UdEQQSMBCCDm51Yy52b3NraG9kLnJ1MBMGA1UdJQQMMAoGCCsGAQUFBwMBMBMGCisGAQQB1nkCBAMBAf8EAgUAMA0GCSqGSIb3DQEBCwUAA4ICAQBV3jEOdXpzK9jCytPtP4iHpOijj2GWplmwdqMXpa6Jd5gTmFEu8nwKUc21VT9TBVPhTRjxPATSGxPZZkWjRMgHYwBSQLwwTY56G7chCIyb8ZAy6iXNmAJAU9eZXcnmO49NyARJ2JvsVIb1eN+j/4e0NW2Qa9RzkD1KyPu78g64WIP8HevSNB/wHnv0zLiF38ZzJU4pD3AJpoljivGxmpJSyK9ltJHILmnhgqAL7zbKJ9vfaAHC+GGF6bF/N2Ezye2BVBxchwREx9Tki/5ELLWO2FsVyTMTtrjdKXux0swXYQGupWMM9ey7JwJPGrFqKYoqyuHaLj6aZ9ZIsHP90uXn3yOzfYDSEgAhPwQz+k0Kj1IYPiyURIPVjrx5y2zu/EH6A99RVOXhAZNHxkEmS46mXHkVJ4rMiDlbt9LyiMdCXGrErBAbQpvscNb6vGkflpJ7Gai7hGp2RgFUouJ3LxMRMTxhFcQWBakuts7dmsHCkCxxzuxDVVCeOMM+qncMrajW3Ga5oIl5XjWN56nkbcrtAzPZBu7NOXB6Uljm8QhQgbc1pSeGGY/v4xN/WMHjdPDB/7VZkbZRBlt8aqTJwbqsM1cmBFBNjW5Lwt6JZMh4fDLjMWsR785Psc6v0dDd/CkvKOZcKv8pCn7xYXGNNwtlg1nWH3t0MXqFwZwBx+TMxQ==
gubin.systems,Russian Trusted Sub CA,99E736D27C8F11EF9D8B0242AC120002,4221,MDC,2025,precert,2024-09-27 05:16:07.649,4976,MDC,2024,precert,2024-09-27 05:16:07.649,MIIFbzCCA1egAwIBAgIRAJnnNtJ8jxHvnYsCQqwSAAIwDQYJKoZIhvcNAQELBQAwbzELMAkGA1UEBhMCUlUxPzA9BgNVBAoMNlRoZSBNaW5pc3RyeSBvZiBEaWdpdGFsIERldmVsb3BtZW50IGFuZCBDb21tdW5pY2F0aW9uczEfMB0GA1UEAwwWUnVzc2lhbiBUcnVzdGVkIFN1YiBDQTAeFw0yNDA5MjcwNTE2MDdaFw0yNDEyMjYwNTE2MDdaMCUxCzAJBgNVBAYTAlJVMRYwFAYDVQQDDA1ndWJpbi5zeXN0ZW1zMIIBIjANBgkqhkiG9w0BAQEFAAOCAQ8AMIIBCgKCAQEAtRJ2tEaHA9jxcvXVwtmJpFRcTBBMv7HYaap+JiKInAeBTJHwD1WU/UcvDmXcj9vSqf87vyaVHzvDrLWTmqGDfV4PyHheD99tmzD9LDPHD/kY4+cO1Ffi3c+tG3BCaihUpz/3nQUmWZPtD31+8A0gmb8xRg8R/o43MSDTQCnZoYtyd0p4uWHJPZyCwK/Y80WBlnk7T9V+7Dyz4SwB3+3htmEAGNtL0D64hWOxy2/xyxVPa4ugFnwS/Lr14/aaYLpIa1icY3yl+HpLJrqsNVNoFWFm3z5Z/PNZ4jkSBelIGeeO94jjLufL416uxdz4mETQgGAb7Rnb3o7JpWbiFynkKwIDAQABo4IBTjCCAUowHQYDVR0OBBYEFF2JiqwwaeVK5AnO5Ztc1aJ8r8awMB8GA1UdIwQYMBaAFNHhcQ0LLYFObopKj0wjs0xeq2kLMIG2BgNVHR8Ega4wgaswN6A1oDOGMWh0dHA6Ly9yb3N0ZWxlY29tLnJ1L2NkcC9zdWJjYV9zc2xfcnNhMjAyMl9kdi5jcmwwN6A1oDOGMWh0dHA6Ly9jb21wYW55LnJ0LnJ1L2NkcC9zdWJjYV9zc2xfcnNhMjAyMl9kdi5jcmwwN6A1oDOGMWh0dHA6Ly9yZWVzdHItcGtpLnJ1L2NkcC9zdWJjYV9zc2xfcnNhMjAyMl9kdi5jcmwwCwYDVR0PBAQDAgWgMBgGA1UdEQQRMA+CDWd1YmluLnN5c3RlbXMwEwYDVR0lBAwwCgYIKwYBBQUHAwEwEwYKKwYBBAHWeQIEAwEB/wQCBQAwDQYJKoZIhvcNAQELBQADggIBAHKU9QvrHvgX1aRcBlq9NrmYyh6J0t2OlwVa2bXQeWqJKSsFDDvcqYMcpZ5mfVY2UcC/8ODSEsMSMqiZNEvcLUsYJgldr2QZ5nVrWqc0cTqJVLWt+yT537sWJwi+qflLNOtGHl5QLDv3EUFPAj/ZI0dWajN3TgalTBxY2dB6HiWNBYX6aMcIFbRgXTd5c9av2M+TA/kE/wySpBmmDnckpoWJ3zWYEbUgMlgtPb+QBQ1IPR5mTI1R5EBI0bVmMFm4+vLUjWFZvpbCBepx31eu6CPdewWWYagjMeoYeR7hzGoKQdMdmNM3fRN3ldR+GBgC6l8FSBMrC11+DUEMgOo2FsKBNgjf7jrqSg8uVAjdo1fTxBkYETmjFn0rnJKr0ScqzeTCJLDZXRojVdC079bkg8sifDys70Gn5TfU529wnE3dV78WVt62FsFMruFKx1hsmD5T9s4QCZErgrsK+Q7x2+ccHhX0meckLBCPn0TTr8w6hpGCIFQrGkDXOkW7wCKGnpcEGiv5ttCi7y5qgEUPKdBrIo4Veqb88KEiBElp8EftwmWPckQdvYeh0sS7Owi2goujD6KVPYW5P2KS64Zhx3XXoJ+WK8yN7+awa4bH4mwj/Tz/MjX+W96+TKsL5cxTj/Ex2ZtNp8XdSe6J37pxORdz8dwazhCRHsW07OcSali3
nuc.voskhod.ru,Russian Trusted Sub CA,501B7CACAF8A11EEACF30242AC1D0003,4758,MDC,2024,precert,2024-01-10 07:31:47.967,4762,VK,2024,precert,2024-01-10 07:31:47.967,MIIFcDCCA1igAwIBAgIQUBt8rK+KEe6s8wJCrB0AAzANBgkqhkiG9w0BAQsFADBvMQswCQYDVQQGEwJSVTE/MD0GA1UECgw2VGhlIE1pbmlzdHJ5IG9mIERpZ2l0YWwgRGV2ZWxvcG1lbnQgYW5kIENvbW11bmljYXRpb25zMR8wHQYDVQQDDBZSdXNzaWFuIFRydXN0ZWQgU3ViIENBMB4XDTI0MDExMDA3MzE0N1oXDTI0MDQwOTA3MzE0N1owJjELMAkGA1UEBhMCUlUxFzAVBgNVBAMMDm51Yy52b3NraG9kLnJ1MIIBIjANBgkqhkiG9w0BAQEFAAOCAQ8AMIIBCgKCAQEA6U+2yhvnqSY72mERrxMPxwHBUgWgH7N6ebAUzQ9z2/onCj9dX0B1/7XGZQYAppPmVL4Gejp07gg04TrbUZFV87U15blhjIMAFLyR7lPxdMNc4Nw97zjiahq0KWryMyIS9LL1TC32fltjQjRew2UAbLe3Nv60ZY+MulNJN7dntmew55CFuuumDhGziyRsKKjGpOgpBNPT7XMAwLSwb9ItXKLLk0NWJuKcUEk4/0p9oprWRYUwJsuBjgOJiu9tdKr11n8BRtorjo+tfOzegxlCoMzN08cdvRNTOAZ07tvDUu4dJrlmFOKVgJjVqvB8T++Hp0dlSUQuEsQYjXv0xCAdGwIDAQABo4IBTzCCAUswHQYDVR0OBBYEFG0yAS3cCdfzhi6S27AcXcHTDa+vMB8GA1UdIwQYMBaAFNHhcQ0LLYFObopKj0wjs0xeq2kLMIG2BgNVHR8Ega4wgaswN6A1oDOGMWh0dHA6Ly9yb3N0ZWxlY29tLnJ1L2NkcC9zdWJjYV9zc2xfcnNhMjAyMl9kdi5jcmwwN6A1oDOGMWh0dHA6Ly9jb21wYW55LnJ0LnJ1L2NkcC9zdWJjYV9zc2xfcnNhMjAyMl9kdi5jcmwwN6A1oDOGMWh0dHA6Ly9yZWVzdHItcGtpLnJ1L2NkcC9zdWJjYV9zc2xfcnNhMjAyMl9kdi5jcmwwCwYDVR0PBAQDAgWgMBkGA1UdEQQSMBCCDm51Yy52b3NraG9kLnJ1MBMGA1UdJQQMMAoGCCsGAQUFBwMBMBMGCisGAQQB1nkCBAMBAf8EAgUAMA0GCSqGSIb3DQEBCwUAA4ICAQDb5wifriYBBBermjP/3tygTcu53tB7f9peqI0QsrE1pvoJMASQ6n/CU1Qb7FktIOhpPKqU9DeyytwFV99GRUMKoCenKgNze4HdXQ93tXRM4YTTb1HwZk81KD5eTuirn1tg1VJfQJFq+CmIZqqt2/L/p/bYj+9aKFGD2doQkhArfc5WSWuoUbwK8ny/wftg6+sTSwZ5VGwnY3jNR7liiNMC9ndBeblYFlyfhjpWNy9UvuzX7PjSRxQRt51VqU9ob0+aI7+hHBFWrvUUgTl/C7asCb8aNZfpXgs0R/geUy2Nryh4Oga6n/7Nia9BEt7gC7L055HuSWm7RiWSPUSN3CzF/19o6NAWGPvL2/Tgi/mxvxLz/DvESylRa/H8eJg9kSylPk+RfVlcisiYNLfAyFcp/hP0OBKjAqMIASl3RCKZptvmAu/AYrnDVncQBTS/pG2wgjKceGa01gFwOHszmCnMlO5YFIhkhEyFL342ff99jK83X5xbSJL8xFAyCj2LegUvSpFkuofLoTOUrNqXJm3DeMARK6gmDCgvyvxGHvnK0XdiWToTgC0x4iiw2KKlX4Gu7H9u0UwBxzcsP32pk92K585w+QAmJAZp+0H8t0iH3nnvKvAFKV/tGn3eN6ZHSDfDYVCVZTAylG47cOGolfnLziBFvzMUUQE0nuALuPG+qg==
bondarenkoia.ru,Russian Trusted Sub CA,9D2FA5BC0D7311EFB4670242AC1D0003,4831,MDC,2024,precert,2024-05-08 19:46:08.192,4870,VK,2024,precert,2024-05-08 19:46:08.192,MIIFczCCA1ugAwIBAgIRAJ0vpbwNcxHvtGcCQqwdAAMwDQYJKoZIhvcNAQELBQAwbzELMAkGA1UEBhMCUlUxPzA9BgNVBAoMNlRoZSBNaW5pc3RyeSBvZiBEaWdpdGFsIERldmVsb3BtZW50IGFuZCBDb21tdW5pY2F0aW9uczEfMB0GA1UEAwwWUnVzc2lhbiBUcnVzdGVkIFN1YiBDQTAeFw0yNDA1MDgxOTQ2MDhaFw0yNDA4MDYxOTQ2MDhaMCcxCzAJBgNVBAYTAlJVMRgwFgYDVQQDDA9ib25kYXJlbmtvaWEucnUwggEiMA0GCSqGSIb3DQEBAQUAA4IBDwAwggEKAoIBAQCqJCisfk1tBborOmcOyIC2N+MPFmIMbTWOYmp7lojVm4N9eOC708uyfSN5BsbO4VqfMb+Te4Ns+9IPz+RWS2SxlPEfyFmB5DoHk2qLMzZHHtnnYg5HbaCrg8GIBuFNf8QJptnIXTeMeLVKwkGVJi4tjRx00c6oscTz5OuWpo4wehoqFJWcj04QyYvLDprwF+SOL/lhUR6xPO714dFkCWOsAv6PpjU9oI6gymdf+FciIAZXpx1uBejBHZw1i1OcAKSvmT+sI2bNTPfTyKyWJ1i2RlMzZjlrq8CoBNbCLHJqsXWwnkOEyECYeaApCkB86TRWJNusqLyqhkRrIheciHW7AgMBAAGjggFQMIIBTDAdBgNVHQ4EFgQUOqr0K1lo01B/tvkgwah4wqkj2fMwHwYDVR0jBBgwFoAU0eFxDQstgU5uikqPTCOzTF6raQswgbYGA1UdHwSBrjCBqzA3oDWgM4YxaHR0cDovL3Jvc3RlbGVjb20ucnUvY2RwL3N1YmNhX3NzbF9yc2EyMDIyX2R2LmNybDA3oDWgM4YxaHR0cDovL2NvbXBhbnkucnQucnUvY2RwL3N1YmNhX3NzbF9yc2EyMDIyX2R2LmNybDA3oDWgM4YxaHR0cDovL3JlZXN0ci1wa2kucnUvY2RwL3N1YmNhX3NzbF9yc2EyMDIyX2R2LmNybDALBgNVHQ8EBAMCBaAwGgYDVR0RBBMwEYIPYm9uZGFyZW5rb2lhLnJ1MBMGA1UdJQQMMAoGCCsGAQUFBwMBMBMGCisGAQQB1nkCBAMBAf8EAgUAMA0GCSqGSIb3DQEBCwUAA4ICAQAbkEHCCTAkUx6tJlObEYR8YNP8km6HTn64wx8xBNJFCai9ncfbBftlcYxGKHhOdxXFL4ipvpfmn8yl2p0sxQ7LyvNRd3iPHNUuSlNyGS3/HRJgPQyXkcg1E0uilBpkiYVVh+bP2r9txyupLcjo9WScAzRqzQNNrz7ZgnIKchViImDK6kH7vcnULs/KzWNy/OChSuLO+NEl+uaeK3mTd6t4hQBi+8a9ZjngC63JEkmUIfINlWpdrLEUHnnpVZGqwUiQa1uChjA5vqNHrpMqTtNTRQYG9LlcWjYPKqXiq7sxPmtfAUUC9qh/quFISdTITaEQm0XbZL4qOIBoiOmCLt+WH2tLIIkGjTxTmIwoRE7aDVxL1vli84qjaCASvPpn4tQyKZbu4CyqXXnh7as5f5sdaJudn0sllq5yEUGy7rYPYhAztloYUmKIfV0kuihzs3xPmBuWhPOUlQQYx28TcRe37eDN0EtppfCsmo5gWgxd2ugUNvx3PzYXBGtvYEaYcHhX7B1RElJ5C4vxPKsjB6t9d+GuBaJvES+A60zRj2rnbCeLTAcm2zrBSBs7wf01RFTSp0OgKh9+dGJluPx1xa2dTSrXFClG33v7VRsH2CNmwyz2JbjEMMVn3AWP9YR2Hojc7pkNE+X+MQGTq8+T/0FLlYy3O+WBWeQ39CbmXy4k2w==
socit.ru,Russian Trusted Sub CA,532453C73FB11EFA7260242AC130004,3981,MDC,2025,precert,2024-09-16 07:12:23.348,4962,MDC,2024,precert,2024-09-16 07:12:23.348,MIIFZDCCA0ygAwIBAgIQBTJFPHP7Ee+nJgJCrBMABDANBgkqhkiG9w0BAQsFADBvMQswCQYDVQQGEwJSVTE/MD0GA1UECgw2VGhlIE1pbmlzdHJ5IG9mIERpZ2l0YWwgRGV2ZWxvcG1lbnQgYW5kIENvbW11bmljYXRpb25zMR8wHQYDVQQDDBZSdXNzaWFuIFRydXN0ZWQgU3ViIENBMB4XDTI0MDkxNjA3MTIyM1oXDTI0MTIxNTA3MTIyM1owIDELMAkGA1UEBhMCUlUxETAPBgNVBAMMCHNvY2l0LnJ1MIIBIjANBgkqhkiG9w0BAQEFAAOCAQ8AMIIBCgKCAQEArKtboqH5cyESzHuP6a1zxliyIX98/sGKlh/rntMEbHdmywJaL0O5Z6QPgoe0ZkoPt4lWg2kXfVfk8D42jffroXUmxsw43r+XQ7Ie/v2ceWqEJS5K+zRmXJpm/KYHgBjjxZicObRQQcVLFSMZjsSx7JJSsA5ycsAP7/xfrTcGFyz//r4rmfylMQMN3U3xnpK+XKUZOOIPgF1saqnyhZvZXxOmCU7Fn11ukRmRaBcD0VEZY/TuW8qnkAYIbS/Muphi7pcNtHvoCXs6YJlTuBCbo/0B5U2gYxzW3rmoE8fnPvNkgVaEQlibHh3uP3vzQZjgwY++bU+kz7ua3wYeaaVenQIDAQABo4IBSTCCAUUwHQYDVR0OBBYEFDVHFXOAI+jx6iu/WgfFLt0s+MrEMB8GA1UdIwQYMBaAFNHhcQ0LLYFObopKj0wjs0xeq2kLMIG2BgNVHR8Ega4wgaswN6A1oDOGMWh0dHA6Ly9yb3N0ZWxlY29tLnJ1L2NkcC9zdWJjYV9zc2xfcnNhMjAyMl9kdi5jcmwwN6A1oDOGMWh0dHA6Ly9jb21wYW55LnJ0LnJ1L2NkcC9zdWJjYV9zc2xfcnNhMjAyMl9kdi5jcmwwN6A1oDOGMWh0dHA6Ly9yZWVzdHItcGtpLnJ1L2NkcC9zdWJjYV9zc2xfcnNhMjAyMl9kdi5jcmwwCwYDVR0PBAQDAgWgMBMGA1UdEQQMMAqCCHNvY2l0LnJ1MBMGA1UdJQQMMAoGCCsGAQUFBwMBMBMGCisGAQQB1nkCBAMBAf8EAgUAMA0GCSqGSIb3DQEBCwUAA4ICAQBA4l1v7CoWXov66YcIL+HR1iTYtxJs7o7s+okYhkT7a+iNAme43IbglgQA2l8dNQvgdrObpTbfwLGLeB3AvD4b/bPxVj7Lz2pXBEJf5yUWt8Q4LyUdGLgLpQNoi/9vNaOPP+EEEJ3U72P8ZZVItKCbRVSI9aQs13EO5ensCK5ctJDzisSpJnVvQbiZJ+82X3rq0rccacu8wGbaUlr7pEJp0fWmrI9rjJ2R5XECME7RB3Ff53eM1znSPMeqd55kWV+T+wTk8+4XsFZLsCDTxaRh7YGEi3H2JiZdCXzpw0kRnlbZCY8lOpMfDcb61RZWufaqnWG+qzJLvnLZzm1lPgJNj/5926HFVuKVeoeuiI35k2aQC7CAB00s1/hNKr4qVfS0GrEVPAQ7mpz1nsE4T5YLr/ALauXvIV3MKcuvw2wea+uVmmP0RnmEK+y4r/Ki1C1x4+yHs08DtkHmH0iDXwfbBm3yLjV07dSu8KVJdd3AfrpOykaclcVMborsX2FyYL0lJkPbsd2l3+B62EU40Su8egOIUvmAdclIVTHL9W0xAOzm57xG4HHiaW6nJ8qEVsOnZ9Y1aY3qItzGDmqxpyYYABLpjI74CXknn7WGpYw95jcPue2mfh3rvooylZSlOmzKgyyMh8DGMG0FSSG+R5x7frvQFprn2FN9FyUr9wOk/g==
nuc.voskhod.ru,Russian Trusted Sub CA,B5C93574AEE211EEA7BB0242AC1D0003,4749,MDC,2024,precert,2024-01-09 08:44:06.379,4752,VK,2024,precert,2024-01-09 08:44:06.379,MIIFaDCCA1CgAwIBAgIRALXJNXSu4hHup7sCQqwdAAMwDQYJKoZIhvcNAQELBQAwbzELMAkGA1UEBhMCUlUxPzA9BgNVBAoMNlRoZSBNaW5pc3RyeSBvZiBEaWdpdGFsIERldmVsb3BtZW50IGFuZCBDb21tdW5pY2F0aW9uczEfMB0GA1UEAwwWUnVzc2lhbiBUcnVzdGVkIFN1YiBDQTAeFw0yNDAxMDkxMTMyMDNaFw0yNDA0MDgxMTMyMDNaMCYxCzAJBgNVBAYTAlJVMRcwFQYDVQQDDA5udWMudm9za2hvZC5ydTCCASIwDQYJKoZIhvcNAQEBBQADggEPADCCAQoCggEBAJkInGBX2JcEfSL8eZPWsKnxAlvfGeXPgZZJH7wYZf3V6FgDT4MpKCLYspS8XXGa0veFcuBbv4HAw0cmAx9xD6V3bVOia3+Z31SqS1g89ydSNqbQ2erEwadSlh1vNXa/3/SL4VQLZkUQrryDLNbcwQkw2KACTWax+3bupiDg1Aw/ZGL1ZhwWZirtSMW4SQHmjB24JEzFykitRrYCQ3IUxGeE5N9i/Vs/7Ufu7sIEZ65zc3aBC01dblq+iyTH+Vj2SC8UxZ/W5QWjCdy1ymPOVYGko2oxSxAdjyj5UeaniFquu8J+sC3+NtD0NVYld59PvhQ7saFEQ/RS2omfpYu9HesCAwEAAaOCAUYwggFCMB0GA1UdDgQWBBQNwVY/EgXbfLcxDfDIb7gjjywaaDAfBgNVHSMEGDAWgBTR4XENCy2BTm6KSo9MI7NMXqtpCzCBrQYDVR0fBIGlMIGiMDSgMqAwhi5odHRwOi8vcm9zdGVsZWNvbS5ydS9jZHAvc3ViY2Ffc3NsX3JzYTIwMjIuY3JsMDSgMqAwhi5odHRwOi8vY29tcGFueS5ydC5ydS9jZHAvc3ViY2Ffc3NsX3JzYTIwMjIuY3JsMDSgMqAwhi5odHRwOi8vcmVlc3RyLXBraS5ydS9jZHAvc3ViY2Ffc3NsX3JzYTIwMjIuY3JsMAsGA1UdDwQEAwIFoDAZBgNVHREEEjAQgg5udWMudm9za2hvZC5ydTATBgNVHSUEDDAKBggrBgEFBQcDATATBgorBgEEAdZ5AgQDAQH/BAIFADANBgkqhkiG9w0BAQsFAAOCAgEA8bveEnReY9rVwPKuiG/IDK7R8ibmsPt8ccEqQnYosc8nicQgaBQzL3Nx81a5b1bmZwaRq1Zpr2Rmm9zplM69R1Xl520hnppVXQWmub5KkIacNdQUf4zdEIgVvSQ+c2yWOaUgKV7eAMtKo2r68upZPirhGzMB3rZ22yULboFUH8OIfywHCMQCjNKN/8x2dvU1xg8RqBR4TVFJdd8b2A/0N9vi0dZel63zr980jzTufDJy+Gkw2Kbhb0mCHaZJZJmJVGKe57Fez4puFAnh03UCOe7kKwQNmuWiRL8z+GMYCHP1u+tDU4GwnPnj53/ueSug1aeGlGnUyAIoaJlljD74A/3fqJ/0a8gsvxcN5sGFW6lH+cnFERj8QJ3sp5ypS8TJcM0B4ikoqlwJdfVD+YBY0rYIkFDWMu+w1tiAVaOwH54sXuV2g4NmM/R20RlWucFwv0fAEjWeiu6vUSDiHGpsA20k9eCoB2KX2bGJFO38eu0lBU6INoBxMQObadFJN2bWaJRuiRnk914wvo9D6A3dby+Lrzhczb3o8y717biDofHL68Zq3STpA8WArxV4Tg987os94xqQqKYeunzZS6hSvG11M6SIfE+KrZ0+d0A7EbEzmG4j38D37eqGh66ojjqKEfPy/v5Q6a9wac2+sC2hV9MUlJuiHfTFEGnNDyUR1y0=
scriptsib.ru,Russian Trusted Sub CA,A6C75E8E53211EE9D860242AC1D0003,4795,MDC,2024,precert,2024-03-18 14:15:58.158,4817,Yandex,2024,precert,2024-03-18 14:15:58.158,MIIFbDCCA1SgAwIBAgIQCmx16OUyEe6dhgJCrB0AAzANBgkqhkiG9w0BAQsFADBvMQswCQYDVQQGEwJSVTE/MD0GA1UECgw2VGhlIE1pbmlzdHJ5IG9mIERpZ2l0YWwgRGV2ZWxvcG1lbnQgYW5kIENvbW11bmljYXRpb25zMR8wHQYDVQQDDBZSdXNzaWFuIFRydXN0ZWQgU3ViIENBMB4XDTI0MDMxODE0MTU1OFoXDTI0MDYxNjE0MTU1OFowJDELMAkGA1UEBhMCUlUxFTATBgNVBAMMDHNjcmlwdHNpYi5ydTCCASIwDQYJKoZIhvcNAQEBBQADggEPADCCAQoCggEBAM6HVbmYJwbaNtWsia+AA+Oa2kNBJICTC4qwazVvjdD5EW9/8W+dqcMU0Cqy1vsOYYDc5qI4QuHq/Gmwv3o4nRL7A1vLaky/LyHze8/dhA3n8sSfi1LCrWBO/eoAVsvAgW3FwcBDnzxtgSkPvqRUFg3OewusDJe5wBgERdV+La5VBjUSuBpB2gQ+6ocDmUY7uXld8h3ocrOFlKSBonXYV/MHhBThTMlC2tARaN6unB7kLvWBmvumxWGuTIhOq0ZkvDySOynhNi07/eA7ExQJTUPpb46dlMOKpJe0xHSNxv4Uy5txEPdIZEIx0gn1yRHA6ojecTbA/fYWmPiq+C2803ECAwEAAaOCAU0wggFJMB0GA1UdDgQWBBSvKtnqcUibFyYPeDfclcGOACJopjAfBgNVHSMEGDAWgBTR4XENCy2BTm6KSo9MI7NMXqtpCzCBtgYDVR0fBIGuMIGrMDegNaAzhjFodHRwOi8vcm9zdGVsZWNvbS5ydS9jZHAvc3ViY2Ffc3NsX3JzYTIwMjJfZHYuY3JsMDegNaAzhjFodHRwOi8vY29tcGFueS5ydC5ydS9jZHAvc3ViY2Ffc3NsX3JzYTIwMjJfZHYuY3JsMDegNaAzhjFodHRwOi8vcmVlc3RyLXBraS5ydS9jZHAvc3ViY2Ffc3NsX3JzYTIwMjJfZHYuY3JsMAsGA1UdDwQEAwIFoDAXBgNVHREEEDAOggxzY3JpcHRzaWIucnUwEwYDVR0lBAwwCgYIKwYBBQUHAwEwEwYKKwYBBAHWeQIEAwEB/wQCBQAwDQYJKoZIhvcNAQELBQADggIBALHdTxpw77Fwoa9iXUC7Hoq6H7HxSyWFuVu7+t08tXBxZ4BSAmfr1BatvPGDJ8P/vwHnERBcr8amoJr+d21PwkP4R8l/UUzfV9hW/JI7hp7dgsQt9YgFv/2Ht6uz5yoD4511wUB+ppeNgYmUN/x92QYr95f9OlW4Fsce94bWieejdUWDKBItg0oPbv2EgSoBxQI7Dt4E2x4LU9EAf85FVztolNMn5jHAYORKv06jE5Bc+m/Apkmkh6wX854TkqYOFrQ2GyBLVahMP1MTyXsFMXiVkV5ooKOigJvxcpOA+Y3oav3kXSCBJZconcFLDxpmNL1Hzko9MFrs0pQVlXn60yTYQk9eCzvppL7HnbU/WYURSyQMo1doQEmR3JV68ODty5+m7DQp7selBikH2BE2mKb8NiTixcSgQssAWeK3/2lPq5+VRhqCvksRhZiisQ4IVuKidKuK0KlL9u7PAJUnzouCwcizp9l6fDbGB1hvD5wQecGICgtgSO2Pr6YcitL/oPN+vz9v3bIudW6HwC+FzCBQ993K7o9wiJ0ucYIGKqmF+6rZuuNYzjj7FpJLOr1CdHyHCzCeTKrDvnq1oioykvpW6+rTISt0A8xAovwS9zkgZRPc5wb+J5B2zyF84rctVTi2xTI+MdEBD5fiFTVLyphe1jvv8dZhuhLVw41NCcqR
biopolymers.pro,Russian Trusted Sub CA,AFAA0DBE7D8411EFA3B70242AC120002,4266,MDC,2025,precert,2024-09-28 10:30:30.853,4979,MDC,2024,precert,2024-09-28 10:30:30.853,MIIFczCCA1ugAwIBAgIRAK+qDb59hBHvo7cCQqwSAAIwDQYJKoZIhvcNAQELBQAwbzELMAkGA1UEBhMCUlUxPzA9BgNVBAoMNlRoZSBNaW5pc3RyeSBvZiBEaWdpdGFsIERldmVsb3BtZW50IGFuZCBDb21tdW5pY2F0aW9uczEfMB0GA1UEAwwWUnVzc2lhbiBUcnVzdGVkIFN1YiBDQTAeFw0yNDA5MjgxMDMwMzBaFw0yNDEyMjcxMDMwMzBaMCcxCzAJBgNVBAYTAlJVMRgwFgYDVQQDDA9iaW9wb2x5bWVycy5wcm8wggEiMA0GCSqGSIb3DQEBAQUAA4IBDwAwggEKAoIBAQCFTRvtEJ1az83xJMPMaAXISwX1Dt7lgwwR7fy9bZD2FFsp/gvDYGmms3FxOV0BCWzDR7rCyhjJgF4nNfdASaCRgFW7dRhbulWla+UpGjaBLqOQx3745wU864gvLHM5cs18NxNSRv6p8FLYwUz7/Kb3ocPmPLRoa14auVoqwKlWMmQ6MzBIGpf5CdTAaMkvfvbVYkx8u3zxgTo8yMOD1KNv5Ecu3ci5KWOE5WlDJYK/FEqLWaqUE02UDSqRq8gkey/hmBE1s8njh2dqEGFK6kZYCW7KI69tCPzeGjJK1VWgCy8OVZz2QftOFRd4/iM21/2oEBURILYbtt9DAnfqnf7DAgMBAAGjggFQMIIBTDAdBgNVHQ4EFgQUEEOAkyqnZHowE5HqzNGH3UcHzicwHwYDVR0jBBgwFoAU0eFxDQstgU5uikqPTCOzTF6raQswgbYGA1UdHwSBrjCBqzA3oDWgM4YxaHR0cDovL3Jvc3RlbGVjb20ucnUvY2RwL3N1YmNhX3NzbF9yc2EyMDIyX2R2LmNybDA3oDWgM4YxaHR0cDovL2NvbXBhbnkucnQucnUvY2RwL3N1YmNhX3NzbF9yc2EyMDIyX2R2LmNybDA3oDWgM4YxaHR0cDovL3JlZXN0ci1wa2kucnUvY2RwL3N1YmNhX3NzbF9yc2EyMDIyX2R2LmNybDALBgNVHQ8EBAMCBaAwGgYDVR0RBBMwEYIPYmlvcG9seW1lcnMucHJvMBMGA1UdJQQMMAoGCCsGAQUFBwMBMBMGCisGAQQB1nkCBAMBAf8EAgUAMA0GCSqGSIb3DQEBCwUAA4ICAQARsi8WOcIan6TfBvZS22R0rkNifKDNgCZ1shgjL9nTDkKJGNz2JxYphMWaM7oK5SrXYk87NwqHy+kBoT3iLk9uRmCB0rfERJV3iMm/WSHhlZ9G9NmhJk45H50X3czv/Rtcr5MrgpXf8zn42LNPILIA3U5eWcdZ98w287LUT/aT5prrvHrniqTbRJKlbmZA7yivdx+JfVqzxx6sgUStdFl3NJ7zDD1D/+mowZJP4mNIoZKwOXy+xrgBeDptPK6eWaHQhO8iag5PJiul9VFJcGtWU4fAPXOWtvtdfP5gqERegW/6ZyZ2l8J6LBaT4xEnhu8c5GNphApgPGq9myFpoc1ctE9pCbweROTgGeuSmHQ4oMugl0ltwsN4+/oVKqkIMX5AF06sFYTTiNjY1/sKnHwNg197Vd/F5NcmTcm7piMEDgAaM/AgG1CFNr+Lc1fcE9tkgcSabnOGejcdyS5zVpDM8Yj5sr8H8aifW6VBwX7gok4UUUijxLJjrJzQRIp2DrIcTz8a2qBzIoqA9MBznv0ScXh9ipcSEq4ar2myj+Kr3HfreJ9EpaYviHdJHZaDR4mlWG8OXq7TPnDItbaq/pPoKHUG4s6cIpWR+o9yfdAXkoHyNl4bcWBA+25uEKkvbY/2Ls8EnzIf1yswSpBWUUwOoZXpKnT+NVrl79oXIsEbDA==
cpprkam.ru,Russian Trusted Sub CA,E5BD7F3AE7C511EEBF090242AC1D0003,4824,VK,2024,precert,2024-03-21 20:59:24.516,4822,Yandex,2024,precert,2024-03-21 20:59:24.516,MIIFaTCCA1GgAwIBAgIRAOW9fzrnxRHuvwkCQqwdAAMwDQYJKoZIhvcNAQELBQAwbzELMAkGA1UEBhMCUlUxPzA9BgNVBAoMNlRoZSBNaW5pc3RyeSBvZiBEaWdpdGFsIERldmVsb3BtZW50IGFuZCBDb21tdW5pY2F0aW9uczEfMB0GA1UEAwwWUnVzc2lhbiBUcnVzdGVkIFN1YiBDQTAeFw0yNDAzMjEyMDU5MjRaFw0yNDA2MTkyMDU5MjRaMCIxCzAJBgNVBAYTAlJVMRMwEQYDVQQDDApjcHBya2FtLnJ1MIIBIjANBgkqhkiG9w0BAQEFAAOCAQ8AMIIBCgKCAQEA0+kyqvuMyzWp3+eUYRGryV//09H8uW2pIswbYsgapd+mMkkuJj5YlP+bchchcHX3glc5fTdk5O2pwa6JwLykjqdCJ8s9HrDDeU68rhA8okPd/QZ5l9Q9JBaO3+DlN56zyWZWIUBiRYANEwLnorp/kCXollhTHQgYRor4HPl8yWcnlUGfWaBM+Fc1VtuU3X3BitOHDCR1eOKf/3PZcAYtZELwZZLbKEX0yi4UII4T6toFkPfQQ8vwqJNE9qh9r9jtj3E2y+fWBNOf1dQ23fb2+dCSmh8+Xp5cfZhqAThM2Wxs8hJQ6yfJbBEuPBvpK+dI2m/UY2M2seuqx5ol01wE4QIDAQABo4IBSzCCAUcwHQYDVR0OBBYEFLRbm3MB1KAKUOUbRXWujKgSwl/CMB8GA1UdIwQYMBaAFNHhcQ0LLYFObopKj0wjs0xeq2kLMIG2BgNVHR8Ega4wgaswN6A1oDOGMWh0dHA6Ly9yb3N0ZWxlY29tLnJ1L2NkcC9zdWJjYV9zc2xfcnNhMjAyMl9kdi5jcmwwN6A1oDOGMWh0dHA6Ly9jb21wYW55LnJ0LnJ1L2NkcC9zdWJjYV9zc2xfcnNhMjAyMl9kdi5jcmwwN6A1oDOGMWh0dHA6Ly9yZWVzdHItcGtpLnJ1L2NkcC9zdWJjYV9zc2xfcnNhMjAyMl9kdi5jcmwwCwYDVR0PBAQDAgWgMBUGA1UdEQQOMAyCCmNwcHJrYW0ucnUwEwYDVR0lBAwwCgYIKwYBBQUHAwEwEwYKKwYBBAHWeQIEAwEB/wQCBQAwDQYJKoZIhvcNAQELBQADggIBAIlxGEO3IOW3c4QrgWVZ0K8VlTMT8sg7Df/xfeORX2H3kIYCEmss14axgjtz1F3g8MCz1LRHJxyg6yW0Lz3zD8XoikApNEwQYxVWzrrR3PR7JrfDJ8iekMksajfkxpDMPk0ZWMTqwc9M9wQoc8HOrUrf5ylT2jkZpbNpXI93vzD9yhktgv9cIOiCnk8P4JMm/kaFHkK8uWdtvYJocZtKERM1qbzxvg3jL28q4g3fHgcWVh3uN1159Fqdv1A36Gsc+1CEQQ/NJUzv7x8Y7bX6SbM/40GsbBz0b+uyRzmVoSxKoedgFGYDWwj1foDF3+hGnFibHGwLKlwG+linfrZyXiR/x1cLjNYoWcTuTAdqDieD/FLzfIq/zPE/Gw5Vlj9uqr1fJ2EtgtsSBn6ueI3Hhp3aDke+d3JJBNDg5+8AK0Rx6+t2ZNHL80gfPIro1oFwGoepS9T0aLr1B7Q5BaXJA4ikF4qtCl3dyRFMLnkGfgIELARdRBqudrNYuCjS7IHiR57cKt12HauKbbXmH295caZHYsG4lj4y2JNVlb4aXHyDPkx96c7QOuG2D59GeCCEzVa4gROo5dw9CT4wk3wlRzeU4MKv8jgSAbPpDBfY0+6hOsrZmC2ZHwfCFj/tvPQyk9uliEn8knjS2YtgGea7eK3xLHyjAJS92BVOoLPxB1wJ
xn----7sbfzhwgabgibqigp4e4c.xn--p1ai,Russian Trusted Sub CA,EA42DB87C1D11EF97D30242AC120002,4220,MDC,2025,precert,2024-09-26 15:36:11.366,4975,MDC,2024,precert,2024-09-26 15:36:11.366,MIIFnDCCA4SgAwIBAgIQDqQtuHwdEe+X0wJCrBIAAjANBgkqhkiG9w0BAQsFADBvMQswCQYDVQQGEwJSVTE/MD0GA1UECgw2VGhlIE1pbmlzdHJ5IG9mIERpZ2l0YWwgRGV2ZWxvcG1lbnQgYW5kIENvbW11bmljYXRpb25zMR8wHQYDVQQDDBZSdXNzaWFuIFRydXN0ZWQgU3ViIENBMB4XDTI0MDkyNjE1MzYxMVoXDTI0MTIyNTE1MzYxMVowPDELMAkGA1UEBhMCUlUxLTArBgNVBAMMJHhuLS0tLTdzYmZ6aHdnYWJnaWJxaWdwNGU0Yy54bi0tcDFhaTCCASIwDQYJKoZIhvcNAQEBBQADggEPADCCAQoCggEBAPL9VHqUTSoNerghwNwtz1NZ5BfFkIbZ9bWaaSRBsqeXS+1X3g8J0xlXuAn23f1lhRA5jAEnxedZliKdP4Do4t8IFD3KOhRBca51RY5/QAD6bbNHghGiQLE9KXK0Ncpn8HcsSuxqJjF5kdeukTaOqZLAUBsbNW3NgRvOf8SbxtEmU6LjCZGJsqZ4SX9TS9FGm8HbTmx7TT2sKncxLtKh8b/5au247YGR7oaoFRLnxH62G9j2zcONTHGDPyLjfX3sxb0AvdzheH4jtD3K/hsIv80kpEspsbPIeLTF33P3TnK2kvCEIiKPQlc4yyqFMLwZTmHAZYLNvmZDW3QlvnTm2Q0CAwEAAaOCAWUwggFhMB0GA1UdDgQWBBS/z7Mq2gYHXpRXtdIJcfe2IUYAdzAfBgNVHSMEGDAWgBTR4XENCy2BTm6KSo9MI7NMXqtpCzCBtgYDVR0fBIGuMIGrMDegNaAzhjFodHRwOi8vcm9zdGVsZWNvbS5ydS9jZHAvc3ViY2Ffc3NsX3JzYTIwMjJfZHYuY3JsMDegNaAzhjFodHRwOi8vY29tcGFueS5ydC5ydS9jZHAvc3ViY2Ffc3NsX3JzYTIwMjJfZHYuY3JsMDegNaAzhjFodHRwOi8vcmVlc3RyLXBraS5ydS9jZHAvc3ViY2Ffc3NsX3JzYTIwMjJfZHYuY3JsMAsGA1UdDwQEAwIFoDAvBgNVHREEKDAmgiR4bi0tLS03c2Jmemh3Z2FiZ2licWlncDRlNGMueG4tLXAxYWkwEwYDVR0lBAwwCgYIKwYBBQUHAwEwEwYKKwYBBAHWeQIEAwEB/wQCBQAwDQYJKoZIhvcNAQELBQADggIBALrX5QFijyVS/L/LYvelcAEa1ZueyK3W0j8g3j7EN0T3UY0DwXlkd+rlJlaI7G5o7/HoBq8Fk9/xvZLrkOn12Hvx69Dv06FO/5DuDSuizqHpJlp2oRG5R7dE0Ui6pIJAcoxEi6mHz5XrlYSGLWSviwyXeLLKGXIJwIAAehrfxQI7Ezc8zB+SoTf5t5ie1NBfmQSi33DByIctEIssOJUk4bcU3wYVIMH1o5gnNGWACT+d27MYawoTofch0F1GNgEgRD6Rqmirftf/vXpT1G2jJSfo9jhoeR8R/ncQFDWByCl9LWGyd4hS4R9XwZlWz7RIWDnI2v9sAFV7R1MdYEYkA8VUiC8Oi6x+kew2QDzUx3T3R38UEDO7Na6S6QJdlHj46hK0NdPKgLPNLxSIJUJRbxAz0dzSRdqiDo71lsuVONj38m4In1TxLrydEaJ6UFyv3WRs4JBXhM4P6vZf3k5K7AUyloFF25UkMZ3X82MXSvubICLA2NSagyjCcz/cJ5oBaLVBU+WRhGeetmqUfrmQBlptOY2pL3i2HcG8vggpyRx1GrAFw+6p9radVrvmQclLhKmhM54Ng0CBicGXWcOiKGCYvwikuDyMvMtgwFFUC596k6WN8Bx+flnWwQM7Xpmshpg98PHtIdroCLQJMrUpOi2sT6Y9P992TccfRDmlkcSJ
sr-rsk-032.corp.gidroogk.com,Russian Trusted Sub CA,68E04BF8647711EF99660242AC130004,5044,VK,2024,precert,2024-08-27 13:22:29.597,5042,Yandex,2024,precert,2024-08-27 13:22:29.597,MIIFjDCCA3SgAwIBAgIQaOBL+GR3Ee+ZZgJCrBMABDANBgkqhkiG9w0BAQsFADBvMQswCQYDVQQGEwJSVTE/MD0GA1UECgw2VGhlIE1pbmlzdHJ5IG9mIERpZ2l0YWwgRGV2ZWxvcG1lbnQgYW5kIENvbW11bmljYXRpb25zMR8wHQYDVQQDDBZSdXNzaWFuIFRydXN0ZWQgU3ViIENBMB4XDTI0MDgyNzEzMjIyOVoXDTI0MTEyNTEzMjIyOVowNDELMAkGA1UEBhMCUlUxJTAjBgNVBAMMHHNyLXJzay0wMzIuY29ycC5naWRyb29nay5jb20wggEiMA0GCSqGSIb3DQEBAQUAA4IBDwAwggEKAoIBAQDBwFKR41boNwZ0VC2CVmeWh+SmurDWTZsfM8KFS1AoqaPEk93Z4cT/P6moRzgGuxg+nUgp7bK+iF9NLip9GuCSYTy3L5pUJTuo6j4Y684w2BjNlqZkCiuD93Q4ahO2INku1ygdjGtwXruHbj1//k16Ag69Hpa0dXKkdsdcShOuG0V4Vn73IAC9Ksd04S5Eufhj6jxH3dpd4ZntBr94zC4NEPziA6/gGeGjpHP+ZI7tpPC+q0LYVxJr3omwvNYdcEHT5DF6K9jdFkOf0IlFsgtpnykQg2OtZIs3y9Ouw4zrvAv6q3+aFmIgHyx9Ck3XzN3tx6ivt0x6G1I27omvzhGNAgMBAAGjggFdMIIBWTAdBgNVHQ4EFgQUFrKg7G/UTy8iZwLvvc640Fi5LSUwHwYDVR0jBBgwFoAU0eFxDQstgU5uikqPTCOzTF6raQswgbYGA1UdHwSBrjCBqzA3oDWgM4YxaHR0cDovL3Jvc3RlbGVjb20ucnUvY2RwL3N1YmNhX3NzbF9yc2EyMDIyX2R2LmNybDA3oDWgM4YxaHR0cDovL2NvbXBhbnkucnQucnUvY2RwL3N1YmNhX3NzbF9yc2EyMDIyX2R2LmNybDA3oDWgM4YxaHR0cDovL3JlZXN0ci1wa2kucnUvY2RwL3N1YmNhX3NzbF9yc2EyMDIyX2R2LmNybDALBgNVHQ8EBAMCBaAwEwYDVR0lBAwwCgYIKwYBBQUHAwEwJwYDVR0RBCAwHoIcc3ItcnNrLTAzMi5jb3JwLmdpZHJvb2drLmNvbTATBgorBgEEAdZ5AgQDAQH/BAIFADANBgkqhkiG9w0BAQsFAAOCAgEAUNrNx8h2XKOPAjn8KHRJuATwPc09jleoJtmX7phyucps4aW9iTAIOUxamuKEH8XX6YGP/hzaT142cjTWpUOh7HD4wty3DEs7nREWY4OBvVdfcN2YQFXdKX57nHDBAfIdX1k181AomCtA5oDw5bGW1W8D+e3AHj4LNx+tB30+VISyHSxlLHhHV3/4qCyzX4ldkE/N/vlEjJvSa7ElunIIrZRDg9fIqCgfUaN9g7aadmLzK82JSiaePiezTUDVZWFGVE6EAEJf2PXvKxUNBWdSe9d8FKdheC14BgRjZgOEWdiVx6zDahzz/PJK8uQicLhxz2Lz0XDvE8Dq45Bs4P/G6sIs9ipwNLIHLm7kxe1rL05uAfWWPOtX0JKGCR05U90ULj2pN/+XM8SXWPIFYkqrSChRcFSE33qKG/X4oGY61bNLR2Iuq3pNbkDzYNETOh5Cyau5rPsoGhDGfE/l/5lHnuo5fGGjhdxJU7ufM/h0pckgRRzdpVyYiYcdr5FYopHag3w8cnIepJKnEo5kmUuD7McicErpiCvKtVPlloHvLjfNLibWOMK4G69OxZ0bNORnXqY4UlWgr94UMJYpvJotsCeIxm/bv33w+QraIgy+OR+N8OEJNyOOP+KtmyTLcAPn/1fRc/CsuE9QMQqOUm4bFp+sQ9hX+sGkecHG6TNiyoU=
nuc.voskhod.ru,Russian Trusted Sub CA,4F5A24F8816211EF81560242AC120002,4319,MDC,2025,precert,2024-10-03 08:34:31.037,4985,MDC,2024,precert,2024-10-03 08:34:31.037,MIIFcDCCA1igAwIBAgIQT1ok+IFiEe+BVgJCrBIAAjANBgkqhkiG9w0BAQsFADBvMQswCQYDVQQGEwJSVTE/MD0GA1UECgw2VGhlIE1pbmlzdHJ5IG9mIERpZ2l0YWwgRGV2ZWxvcG1lbnQgYW5kIENvbW11bmljYXRpb25zMR8wHQYDVQQDDBZSdXNzaWFuIFRydXN0ZWQgU3ViIENBMB4XDTI0MTAwMzA4MzQzMFoXDTI1MDEwMTA4MzQzMFowJjELMAkGA1UEBhMCUlUxFzAVBgNVBAMMDm51Yy52b3NraG9kLnJ1MIIBIjANBgkqhkiG9w0BAQEFAAOCAQ8AMIIBCgKCAQEAnQWO6CZiu53sA1YRmGe8B6kg6cou7sBdtleY1YhpUq/01pLWqrJfetfOdmGPeTnZsI7uECfAVOW0xFpbpmM1l8LSvOgPy6/MB8sFDR49LoVXchPvJw1OiShHO8EE+LHTug4L4PljWSlf8rYvGiwhxzwUa/DOWmfs7TF/MQ8G6lNL3m09DqdQjqcmvNPcMq8uTqUS1rk1hRuc/cTA1SasJMRQT5E7e0+CZEEeVeHCjrewmPtZ4fuXhjWXn9MkQW/ooFcTG46P6WIF+2Kh8iU1YyDKWjV8u/DK41QPePXYji1V7ttuIqrUhx8wszjMHRhuTWokOaSkA8ZOPLkMTZKqWQIDAQABo4IBTzCCAUswHQYDVR0OBBYEFDBLD3TPVehawBVJn5D4hzJBbk4vMB8GA1UdIwQYMBaAFNHhcQ0LLYFObopKj0wjs0xeq2kLMIG2BgNVHR8Ega4wgaswN6A1oDOGMWh0dHA6Ly9yb3N0ZWxlY29tLnJ1L2NkcC9zdWJjYV9zc2xfcnNhMjAyMl9kdi5jcmwwN6A1oDOGMWh0dHA6Ly9jb21wYW55LnJ0LnJ1L2NkcC9zdWJjYV9zc2xfcnNhMjAyMl9kdi5jcmwwN6A1oDOGMWh0dHA6Ly9yZWVzdHItcGtpLnJ1L2NkcC9zdWJjYV9zc2xfcnNhMjAyMl9kdi5jcmwwCwYDVR0PBAQDAgWgMBkGA1UdEQQSMBCCDm51Yy52b3NraG9kLnJ1MBMGA1UdJQQMMAoGCCsGAQUFBwMBMBMGCisGAQQB1nkCBAMBAf8EAgUAMA0GCSqGSIb3DQEBCwUAA4ICAQA1tubptPkE9g9salSKHWkR1La0p1RbjoloiioxqFcSyBb5sAwvkAZLH3VqQar6qx6jIPl2i58AkOh3aGAJxOC34+Ojai5XF5Mxr/ff54ZkJOnvEoi68gcIsRh8fuTVdCk9rEJjN/62hOifk730akczEYzhvpN2ctx7kcH8VwqBGJ2vy2lEhcRIlDdKaYdQ4cVDqa34kOCR33HVE/fM4MDJj73grxlM9akin2c5YzJXlT+ctbQ7SfWBxzbOs1AzPEhgViGuK8pndOX4Ay1Ftw4thpsk5lsKB17BwNrS1OSzbLABexGjsDgriIjJt3wgFM1gm6iEtj9/f0R+Hg9mT5lnC6wqU+YuP3f8ArDrvoa/lDaIMkTdPEyHbfk9BxS4dEMG+J4HAWO7VSJTQG5BrfD8ITq03IiCx0glzylUougndeOFvCbjAz8baytraHDsJpgNZp95I1SVuEzkEhNT0P9YYeeYUflvROpkc99WxfrimluMjQcU/o8zLVXknQguImgIFHW9U2Hf2jdfe6jS1a/BVG+Ylf72subaipWomdyW6N91cg5arkJKkIC2gJA9hMMXVSqB2h6WgzPPsVEQrE276kFlW9JYHiEU/92fY57FypUYtfd64/KkTPzGLq/Bool6q2DQUZWC1Cp8WGbzHCtNn0mibWcEQKbNx1/4i185ig==
54.rospotrebnadzor.ru,Russian Trusted Sub CA,F2D93830741011EF9EDB0242AC130004,4005,MDC,2025,precert,2024-09-16 09:49:21.475,4964,MDC,2024,precert,2024-09-16 09:49:21.475,MIIFfzCCA2egAwIBAgIRAPLZODB0EBHvntsCQqwTAAQwDQYJKoZIhvcNAQELBQAwbzELMAkGA1UEBhMCUlUxPzA9BgNVBAoMNlRoZSBNaW5pc3RyeSBvZiBEaWdpdGFsIERldmVsb3BtZW50IGFuZCBDb21tdW5pY2F0aW9uczEfMB0GA1UEAwwWUnVzc2lhbiBUcnVzdGVkIFN1YiBDQTAeFw0yNDA5MTYwOTQ5MjFaFw0yNDEyMTUwOTQ5MjFaMC0xCzAJBgNVBAYTAlJVMR4wHAYDVQQDDBU1NC5yb3Nwb3RyZWJuYWR6b3IucnUwggEiMA0GCSqGSIb3DQEBAQUAA4IBDwAwggEKAoIBAQClKqMc52ob9MxPlW+Bk61Gud2EZikHnIOqcSdbfohvMZJP1UsXBX4ZqwR74JI/xrc6qY32JfCrWVIrq7JWAJ4KLV4iNdX7WYofduGNH/jWgb3IPtMTEa7zV+0iXjKb1yaja9pXazjGhdmsXEMA3/fshH3F8x/4RbMp2z6vCodaaYOI8RKJ4U4Csn+zIitX3mJsOLU+LLvlSBvaBP6X67MhnBxZqcjam2QGfV5yCdurK9PWz+omOOhjRS9FMKN+pbs5D5ptOaLkkBgdBaH+wFR4RSPGiqmMT3kj5VNM/RbMfTacdsMs/p7I0SivLoGIe2+22v8cmecrRAOFjQ+UVuA3AgMBAAGjggFWMIIBUjAdBgNVHQ4EFgQUmKn/80cpBRoziQqpY6W/FeMQMq0wHwYDVR0jBBgwFoAU0eFxDQstgU5uikqPTCOzTF6raQswgbYGA1UdHwSBrjCBqzA3oDWgM4YxaHR0cDovL3Jvc3RlbGVjb20ucnUvY2RwL3N1YmNhX3NzbF9yc2EyMDIyX2R2LmNybDA3oDWgM4YxaHR0cDovL2NvbXBhbnkucnQucnUvY2RwL3N1YmNhX3NzbF9yc2EyMDIyX2R2LmNybDA3oDWgM4YxaHR0cDovL3JlZXN0ci1wa2kucnUvY2RwL3N1YmNhX3NzbF9yc2EyMDIyX2R2LmNybDALBgNVHQ8EBAMCBaAwIAYDVR0RBBkwF4IVNTQucm9zcG90cmVibmFkem9yLnJ1MBMGA1UdJQQMMAoGCCsGAQUFBwMBMBMGCisGAQQB1nkCBAMBAf8EAgUAMA0GCSqGSIb3DQEBCwUAA4ICAQCRZ8wTyCTtswHfaCNpahgP5qpxHouAxWuGXsUaeWNNXH7rMlHk1WzozxLr/T4U059hFofFH3xTLH3nI2lZhRXb2K2LuKNPSKxjU88FTkUqyVCu656GGchpJUVZYRle4COF9gJyudVQ8ud+ZO5oE0Tinu0MDWuG0+UXEAVjhRsgCcKKJ8cegkVP+qS37tsALAOrP9922Uz4ALPr2fev4hWFJaRQufWfRlbt97LJJkkc4wskjFZTkLKF//6eNVFicvFol4MuUzeBTg1xZHWxCTvi+DOv5g0pQ58I4CuCAw5Yf/tqZu/Y8thpp1R0lMkJNRUDovQoWYTFXpc2rrbpPEQ9BtLyxAFuC8+HAplfQlprAtJxtEXjYF0JyVWWQ2OfIkcY9FTu0DhbzDFS7wYnVT5GN+18R/1uisAiTs5JOmqqHfPKMTy55ZUliNzFgzNMC9Ip2yhElfxOVkXy+93diuNdaFW1M6Yvh1VWYkNHWs5MPdhqjHEga6PTp+Ay6bYQ7pA5WOc5y9ew/KjaM19CumKgHxxhMzPXJgIXxoAKSZFlUVdqCPKfgdCWE1dbJi3B8LChthfp1I06RlgAMwHywS3FYM6vBDTGpd/K8BlkWhqDRRUW99wv/TxZMLftdNuX81zNNmx8XKEqQeHmBd8DAj5MPdAUa0kC6qLWPV7ci7KJoA==
www.wzor.space,Russian Trusted Sub CA,B230DD6C1D8D11EFA4230242AC1D0003,4861,MDC,2024,precert,2024-05-29 07:33:08.957,4901,VK,2024,precert,2024-05-29 07:33:08.957,MIIFcTCCA1mgAwIBAgIRALIw3WwdjRHvpCMCQqwdAAMwDQYJKoZIhvcNAQELBQAwbzELMAkGA1UEBhMCUlUxPzA9BgNVBAoMNlRoZSBNaW5pc3RyeSBvZiBEaWdpdGFsIERldmVsb3BtZW50IGFuZCBDb21tdW5pY2F0aW9uczEfMB0GA1UEAwwWUnVzc2lhbiBUcnVzdGVkIFN1YiBDQTAeFw0yNDA1MjkwNzMzMDhaFw0yNDA4MjcwNzMzMDhaMCYxCzAJBgNVBAYTAlJVMRcwFQYDVQQDDA53d3cud3pvci5zcGFjZTCCASIwDQYJKoZIhvcNAQEBBQADggEPADCCAQoCggEBANEgXzUIM53HdTFGlj/mUjnJ5tPs4ULt0u0e9mVz7U17CEKgNCgQ0DdXXZJcOlVwWKrJei9Ci0wJmZWsxnD03gazs8/V9uS5uPU+rZQafyOV+2QfshV0GPrUWSSXnN7eJwQSoOrpc2CJWwS16F0vGWakr8IEkbmxKi5oawAfJXFz+WK94s/IG6yYxl8olk3dBxRUAcUJmyvWAIwDcCXamh/vJ2QtNtjS9Vb2222h+P4D7FvXqP0K8j10JmKb7IbS/Ku/K4gZrgzasJzZGeCSvKGu7XNMKyZrzZqiqZuYmWa5xhLsNc8As3crefZgoNLlGhsgglct239LvRZDmfMn7wUCAwEAAaOCAU8wggFLMB0GA1UdDgQWBBQ2iFCWJiu/81EYQ5+WgyPl/28HxDAfBgNVHSMEGDAWgBTR4XENCy2BTm6KSo9MI7NMXqtpCzCBtgYDVR0fBIGuMIGrMDegNaAzhjFodHRwOi8vcm9zdGVsZWNvbS5ydS9jZHAvc3ViY2Ffc3NsX3JzYTIwMjJfZHYuY3JsMDegNaAzhjFodHRwOi8vY29tcGFueS5ydC5ydS9jZHAvc3ViY2Ffc3NsX3JzYTIwMjJfZHYuY3JsMDegNaAzhjFodHRwOi8vcmVlc3RyLXBraS5ydS9jZHAvc3ViY2Ffc3NsX3JzYTIwMjJfZHYuY3JsMAsGA1UdDwQEAwIFoDAZBgNVHREEEjAQgg53d3cud3pvci5zcGFjZTATBgNVHSUEDDAKBggrBgEFBQcDATATBgorBgEEAdZ5AgQDAQH/BAIFADANBgkqhkiG9w0BAQsFAAOCAgEAHIrKnKzFYCzbkATOeiMkVnC0rs901KahoyPD0fq51d1XxJwUvlmraxKPXjQ4YlT3hEAOdiM68MENo+tJeNhZ1/1CPAEu6SAUBcIh7UoW6aVxMhAML+/dAkJa2xFsMUKCpsrzp+Jb+H9Hj3NjlN03nJYlv9SsdQEd+kcCDGW/xYierZMK17nyEk+uC4gyXhoxp9KhSGRi+bIf2+urXUYOy51LRFT+hjWrE/Q+TosoJRNYuCBdKpyqwIjozcCjQ3VNNycR4yRlMcD6kmxSVQv2MYuTTEbXkQzhdXvBgQ+LnAObUmLq8hzqzU9541fUpXnr27mSR1glwUnFA5uDK4L4rK9Edx5FM4eH9cJUYvJrRYN6na4QBmydvTfIiRUM1b9liaolzwV+QXyQfaibBlLI9I8UD1Ic8IMJe8iGKEuh2YRawQmWs0MnmykvopM57Jhwek6Qk6JlUwsH1NWSvypDFnd+qfdMGP+Pexubo5DciL63xTjPOseo3dc3OSbgGb+SY8DwMj4SW6NtW5W7perFD0FmmjbJxQhDGTCDV61H/CoGzpvgOuhY3vJ5GdmUkxnvkjPXztipbovklx+HqiLdA1ZaxA5tvo5HiTXY9gaci8hQ/GgYQ/iAkVwMDCwmM29D/WG2XO2rdiz0uL6iPIZa1UQaIEV5/ZW5tlx987289qo=
oceao.ru,Russian Trusted Sub CA,9B62B38E78C11EE8DE40242AC1D0003,4822,VK,2024,precert,2024-03-21 14:05:13.994,4820,Yandex,2024,precert,2024-03-21 14:05:13.994,MIIFZDCCA0ygAwIBAgIQCbYrOOeMEe6N5AJCrB0AAzANBgkqhkiG9w0BAQsFADBvMQswCQYDVQQGEwJSVTE/MD0GA1UECgw2VGhlIE1pbmlzdHJ5IG9mIERpZ2l0YWwgRGV2ZWxvcG1lbnQgYW5kIENvbW11bmljYXRpb25zMR8wHQYDVQQDDBZSdXNzaWFuIFRydXN0ZWQgU3ViIENBMB4XDTI0MDMyMTE0MDUxM1oXDTI0MDYxOTE0MDUxM1owIDELMAkGA1UEBhMCUlUxETAPBgNVBAMMCG9jZWFvLnJ1MIIBIjANBgkqhkiG9w0BAQEFAAOCAQ8AMIIBCgKCAQEA3BDP81gix9vY8AlOOQczXIdQtCIxNac1hu96K/nvCDaZNieGiN+LD9EDnX/Act7qYeDuR4HqpAiiJYiiKE01h98QSaVSq1sinNxjK/7mjhlD6aK3xhbpvJHhe6MI9WOzzIRmIKgMzJoAvvcij+Vc490q3ONhoGn5DrIkyvx1XOEeSedp726Ne1zS3DnahexM/d67YViSwdb4E5RQwukKoRxfPmbpIDhj0DVFZ+VEENSHwhZAfZY+iK4tqw2xgph2RIlQTuXjHMq+kIuBpOdmBCsOwwmlmXjNQl3Onth37J77qzchmQnljsOFJIg8xT14+h1kWqZGBGz+5Y8Qcu95BQIDAQABo4IBSTCCAUUwHQYDVR0OBBYEFKp/Y6FAD9SmfmeatSmV72nPZPPLMB8GA1UdIwQYMBaAFNHhcQ0LLYFObopKj0wjs0xeq2kLMIG2BgNVHR8Ega4wgaswN6A1oDOGMWh0dHA6Ly9yb3N0ZWxlY29tLnJ1L2NkcC9zdWJjYV9zc2xfcnNhMjAyMl9kdi5jcmwwN6A1oDOGMWh0dHA6Ly9jb21wYW55LnJ0LnJ1L2NkcC9zdWJjYV9zc2xfcnNhMjAyMl9kdi5jcmwwN6A1oDOGMWh0dHA6Ly9yZWVzdHItcGtpLnJ1L2NkcC9zdWJjYV9zc2xfcnNhMjAyMl9kdi5jcmwwCwYDVR0PBAQDAgWgMBMGA1UdEQQMMAqCCG9jZWFvLnJ1MBMGA1UdJQQMMAoGCCsGAQUFBwMBMBMGCisGAQQB1nkCBAMBAf8EAgUAMA0GCSqGSIb3DQEBCwUAA4ICAQBhCpPsVWd87K2ejFjx1RhBndyzekvWwzwCK09dCGPvqmpbdbsKJXscB8VC+TXAgdeBtNtVSY2ozGVfF2ugS6pvH1ANNftXsKNWOX5FUlR65ufIpwOyxtJbu0tFu3zY0xuPbJambnBgUQL8ataiHOoKQ09zSKSwNvYMu+5tzgr3sAjBBTJUsuMpW+H2UWjeHFYuQHGeB5cnbQWKg3uQc4dyaBnk1uNjXcHL/gTEep1KNp5Ew+PDUQcamNptrOTXIkmXYDikU8U4wNCedNZ9v/LDJsTLYNrTcI8lx7SXoLh75h4CD3FipLgqalV23nBoiHjB1gYMZ6+106mdHDXTzUMo/NL4CInv6tjT5IesfS8P00k2Ys3sbXtzBZXZ3Tln0zfhuo0qwrwkKrnIGe36vkvnhx0fWenH8Lb2H1iTM+HKfWX+BnBFrN3+9Qb+fyMkrsrapS2cSFHhIixhZ5xFqtV5aY259thwwvsU5n34eBFON53HuEfXq1mMSqZVTnhLh0Mvhx80FXC1geltqjtr3Hoa8zUOkPDOwZPfC6a0EswE1f7SXcUSMcbUK15GyAKl0EI9a77eRCLQhS52jtrVO6N/9oCM9BlnN1DcndJiDVowSRQUPmHWQDDnrqIooGrFhMowlfKQ3fX2+AbGTUpFlRvlvm9tmk935GMtP+HiFFg9GA==
za.lentu.ru,Russian Trusted Sub CA,DB4B74DE990011EFBCC30242AC120002,4904,MDC,2025,precert,2024-11-02 09:57:23.039,5012,MDC,2024,precert,2024-11-02 09:57:23.039,MIIFazCCA1OgAwIBAgIRANtLdN6ZABHvvMMCQqwSAAIwDQYJKoZIhvcNAQELBQAwbzELMAkGA1UEBhMCUlUxPzA9BgNVBAoMNlRoZSBNaW5pc3RyeSBvZiBEaWdpdGFsIERldmVsb3BtZW50IGFuZCBDb21tdW5pY2F0aW9uczEfMB0GA1UEAwwWUnVzc2lhbiBUcnVzdGVkIFN1YiBDQTAeFw0yNDExMDIwOTU3MjJaFw0yNTAxMzEwOTU3MjJaMCMxCzAJBgNVBAYTAlJVMRQwEgYDVQQDDAt6YS5sZW50dS5ydTCCASIwDQYJKoZIhvcNAQEBBQADggEPADCCAQoCggEBAJ6TnXgQef8lQPN5EpckQ2F+6Omi7HmjtkuMYNYr8dBc7UjsAANdaFDHAvYks43Z54HZoqh9zOjyJFqLfYgQFZXL4CTPps46vMnnUr/jMjPKJzwxarOFcAkAyOzO9+GG5ZDMrJ/AzdWda9t1av9lgXucTx6L1X/mzDM6j+XFIQM8V7HcvbwJqvqSzUNDsSA40wXSBoG+0zDELZ7LJSGArG5DFSNU0r+wRE7SgVlpy+nJXuQpQq6573QjMYO1cdNgT4+xYUuyo1uzibLYd+uxgUjfc+EQ11kGLKullJKbtM0VoIe9pD7A3x8x6D/+8G2H8ypndVoOle8TzFS+4hxhkJsCAwEAAaOCAUwwggFIMB0GA1UdDgQWBBQTtzpb2czQcjq/Kl7LAm/eda8DkzAfBgNVHSMEGDAWgBTR4XENCy2BTm6KSo9MI7NMXqtpCzCBtgYDVR0fBIGuMIGrMDegNaAzhjFodHRwOi8vcm9zdGVsZWNvbS5ydS9jZHAvc3ViY2Ffc3NsX3JzYTIwMjJfZHYuY3JsMDegNaAzhjFodHRwOi8vY29tcGFueS5ydC5ydS9jZHAvc3ViY2Ffc3NsX3JzYTIwMjJfZHYuY3JsMDegNaAzhjFodHRwOi8vcmVlc3RyLXBraS5ydS9jZHAvc3ViY2Ffc3NsX3JzYTIwMjJfZHYuY3JsMAsGA1UdDwQEAwIFoDAWBgNVHREEDzANggt6YS5sZW50dS5ydTATBgNVHSUEDDAKBggrBgEFBQcDATATBgorBgEEAdZ5AgQDAQH/BAIFADANBgkqhkiG9w0BAQsFAAOCAgEApa7uiuwXkIhYqEhXEWCykImySnOSPdA1MotDogeaE17BzZWgRGi6g83qap6+i2pYW+wD1gCrIC9Qy5wulUeCv7Ht/t1wJwmGju7O6v5qycHLaaiLhPn8dmrv8HOytPhyYUUyPJBDonTWrBnpYTvJgiSSmgcpe/YVZ1XN1kGguYNlQoAc8/fLe9h8F231xReZHM+xvyfmQZDbrP5xeTlKVaUY3mZ+EHTYxGDgcvLmDlwnBE+TTUFElYdlz41Vd2wmJA9Qws3gTUD4IXwIk1EYvxBnpb7vUjOEkuYKTerKAhEAlfI4rq0lPwE+Oyxgp1d5QhTwZX585cewAcFFyNziUVUB/EYIYziYBgZEOEhFO8ue+YeFRkA093TUmfM/GKn0/c3K53mm8nQLnTkMn99VFJDXUEQ6cENB8EgoTVAnU7oOSAWDStAWHFIzxpz3G5olkL5AiMQxVsvvgLjw8Spm695npHMoGiZasIWLaL0KJyfAGkiEZYPIp9db6D0REhnXRAo6amNFFcjyj00PQ37fA5cRKmVCgNl29BRQkrmeEK10hvSVgSBYv8slEUg+9moeSTBuxCRVGCkPbNAN9SSn3o6n2mxu1jiPdWUEAPs/bChp4fpH0Idp5HtN2p5clJR64f+M467Xgwyx4Iw0u7oVAz1K4LcxXb4TnoRDVCcgSO4=
d4rkd3n1337.ru,Russian Trusted Sub CA,D1D6AAB4EA7C11EE8BD60242AC1D0003,4826,VK,2024,precert,2024-03-25 07:53:51.317,4824,Yandex,2024,precert,2024-03-25 07:53:51.317,MIIFcTCCA1mgAwIBAgIRANHWqrTqfBHui9YCQqwdAAMwDQYJKoZIhvcNAQELBQAwbzELMAkGA1UEBhMCUlUxPzA9BgNVBAoMNlRoZSBNaW5pc3RyeSBvZiBEaWdpdGFsIERldmVsb3BtZW50IGFuZCBDb21tdW5pY2F0aW9uczEfMB0GA1UEAwwWUnVzc2lhbiBUcnVzdGVkIFN1YiBDQTAeFw0yNDAzMjUwNzUzNTFaFw0yNDA2MjMwNzUzNTFaMCYxCzAJBgNVBAYTAlJVMRcwFQYDVQQDDA5kNHJrZDNuMTMzNy5ydTCCASIwDQYJKoZIhvcNAQEBBQADggEPADCCAQoCggEBAKUpckGLwSLHRA1m0DyVE2ein0r8BpFv8zFxhz6nLLToAO65zeynAo73f20Ax2Pnm5amXOQWcriduyKzGPiDz4neBfKnquacO50x4lR3T4OqMcXb47zOmTbOcuGaywJM32PspPn39hNvqlaz231Ue4QVxDbLJcmg2FZIjp9wJKWfbQ+FHJMCHLroysffU3ApmaI6xKqfGhSRa8f659yoNzIYc8IiF8NEr3SWrPSLKWa/DJxBEf9jLY38sfyyboho325/vtUV32Fn6y5kW0nmc54jCrXRNALo2IRtfCRk7pjEe+XQUJazSSpCji1mn1RyoOAGJXdSEeL1EB7UNoPe1jECAwEAAaOCAU8wggFLMB0GA1UdDgQWBBSjfZ/7FCo9qZkby1lppL+mb3s3pDAfBgNVHSMEGDAWgBTR4XENCy2BTm6KSo9MI7NMXqtpCzCBtgYDVR0fBIGuMIGrMDegNaAzhjFodHRwOi8vcm9zdGVsZWNvbS5ydS9jZHAvc3ViY2Ffc3NsX3JzYTIwMjJfZHYuY3JsMDegNaAzhjFodHRwOi8vY29tcGFueS5ydC5ydS9jZHAvc3ViY2Ffc3NsX3JzYTIwMjJfZHYuY3JsMDegNaAzhjFodHRwOi8vcmVlc3RyLXBraS5ydS9jZHAvc3ViY2Ffc3NsX3JzYTIwMjJfZHYuY3JsMAsGA1UdDwQEAwIFoDAZBgNVHREEEjAQgg5kNHJrZDNuMTMzNy5ydTATBgNVHSUEDDAKBggrBgEFBQcDATATBgorBgEEAdZ5AgQDAQH/BAIFADANBgkqhkiG9w0BAQsFAAOCAgEAyNPopqPRmFPHWQVkftzl2bm5pP52Ay6vHaaRw083CzuUC9ZCSEfilzZ60MgFefcrcX35EDykdI2jzwa9XzMkfvnAdXhosZr7cZ3WLS30GinfXk98e8YNb/5GxjKeBf7KbmnajD5FHSPzOtOEaDTq2WJ0mErkXyqkaWmWj4SISPTm7T3oCPt1GV0PWYnPJXUDPgw6vCRrvEdjY1JzVeoLYqZrhLAxVmcIyIvyFWOARPNuEMMlYJUVi64p+QuXFbG9SHMHUZy7QfwdRd48hhYrScpVS1Hc2MwhfTzanhVgoDMxgkJHRkYspSnJNcT81kxc79FnRMjmNUYklT4UEh3xAz4Ol+pY8bcFzXMh657qRL994i4UPhAwaeFy7Vy7WnhLy3hYsZeWONxdI7Cg7238RaOOyaChyK4/NUqFSOO6eVnIcMrlevVmeA6SiEnsbilUx/40qGmbEOYrN8e5Z5s/51Hbt2Zto9X4lYSfGgpLTrXsNgSDTBIyJUqqoFBp9qsHbjBkF24WXWGHJkM8/xoz4Azdaz8JNr2dmRWStfa5mSMm+m05fn0VtJTHGiEOTkibuVDjd/t8pzZ7DOzi59skJ+6HBkMBwytD3pKtGJsa+TIrqT3Pn7FhxoNU3d1G+yN8W2hpRRRUCrqjJ2zaJs7BjIUVE9lBfXZgoZ46/dbsDJs=
infracom.space,Russian Trusted Sub CA,516BB1E73FB11EFBE530242AC130004,3976,MDC,2025,precert,2024-09-16 07:12:23.149,4957,MDC,2024,precert,2024-09-16 07:12:23.149,MIIFcDCCA1igAwIBAgIQBRa7HnP7Ee++UwJCrBMABDANBgkqhkiG9w0BAQsFADBvMQswCQYDVQQGEwJSVTE/MD0GA1UECgw2VGhlIE1pbmlzdHJ5IG9mIERpZ2l0YWwgRGV2ZWxvcG1lbnQgYW5kIENvbW11bmljYXRpb25zMR8wHQYDVQQDDBZSdXNzaWFuIFRydXN0ZWQgU3ViIENBMB4XDTI0MDkxNjA3MTIyM1oXDTI0MTIxNTA3MTIyM1owJjELMAkGA1UEBhMCUlUxFzAVBgNVBAMMDmluZnJhY29tLnNwYWNlMIIBIjANBgkqhkiG9w0BAQEFAAOCAQ8AMIIBCgKCAQEAywywpmmdaMmbRXJxVTw1eS+U8F2kuHMYIvBONI9jLxPZDcImqCaRZZJlaKtK8B7jC818DOpmn9Il9c0Xx2UO/ZWvQ5SvM6DWk4SKcZP6XlLOEVzHOKuwl8AlMMA98+efAarB2dmB7PS1govf1A2Qazlt/l4zhOPKtkwiwly8/FUJNdnDxmnrwfQMebTkjNmeBs2W2QKfTcE9aH2SCu59dtBRNweVySOJMcE7wPkvgU+KAUDJKVEAn+Mk/CzGtgps/brUu7mgNhR+y/QgqIrBfMTQy0xEEBC7eFsU5virxixR2cJpTGGFYx81HN3e0OQvv8yUSjwFVPrHpVRgDryYsQIDAQABo4IBTzCCAUswHQYDVR0OBBYEFJlNzcG1rFlJzf7bM6hNj6nm6z7ZMB8GA1UdIwQYMBaAFNHhcQ0LLYFObopKj0wjs0xeq2kLMIG2BgNVHR8Ega4wgaswN6A1oDOGMWh0dHA6Ly9yb3N0ZWxlY29tLnJ1L2NkcC9zdWJjYV9zc2xfcnNhMjAyMl9kdi5jcmwwN6A1oDOGMWh0dHA6Ly9jb21wYW55LnJ0LnJ1L2NkcC9zdWJjYV9zc2xfcnNhMjAyMl9kdi5jcmwwN6A1oDOGMWh0dHA6Ly9yZWVzdHItcGtpLnJ1L2NkcC9zdWJjYV9zc2xfcnNhMjAyMl9kdi5jcmwwCwYDVR0PBAQDAgWgMBkGA1UdEQQSMBCCDmluZnJhY29tLnNwYWNlMBMGA1UdJQQMMAoGCCsGAQUFBwMBMBMGCisGAQQB1nkCBAMBAf8EAgUAMA0GCSqGSIb3DQEBCwUAA4ICAQAIbUHNaWfgyobwLtinEqDnELqP1JHumM+vRgF5ZLR39wMNe2QUWqXEeSfyYrQj9mHlYATamoY4GJFeccG7faF92p8MsBp3II/3eqJmeSxNF7hvsTnP2rhAGvt87fPhQ5UObF1Kzqq3/bELFbuftpLHSuu1i3SFD5YVJY7xPPsXZDXLpDHxf3xkOEhFZ8Se0QAq+hZszCQHOxJHQjreafQIPxMLExih31kD3qiNoTkrMvrEskXR+uaRRrxo//B6Clh8ZtKbCIgOCxKg5YC6AC3RTs5KiV1uAG/ft2nhuFh/i/GCf1N2n5QfFuzO5iW5tJb06ne5ssUgMW6EMbcklHjzLpzkCt/NOIqtf8bhlNCj4X2wiiPQMstkDVOgkwaknkrahFw4H2Y3eHzl2uu5vlGWuAtc63ypubbZwltq/d3QGfWg2xvhKo2KsrCtOdfYbl3vZFWGQ8IWwLQ3olpa49tK6xspzM1Khx69hsQXB89CBk4ms/adcAY173oq9ymbQp8Eluu2Dr5C3HE9HaozAiHYFmkEzyJTIz3kXeP5FSB33YMws2TzS9qw4K2Xd3+Oe1iVVe+wQcceaA9ufGBDe9By00JNC4sOo7EDFdzfNaGfZSRrk6xexZdwPfGPuUAncRQYz7p7ky3Xffifb9xB7lb9vHh0kIfcgaNkswEyKUb3SQ==
nuc.voskhod.ru,Russian Trusted Sub CA,D738BFA6800E11EF96F90242AC120003,4291,MDC,2025,precert,2024-10-01 16:04:30.098,4984,MDC,2024,precert,2024-10-01 16:04:30.098,MIIFETCCAvmgAwIBAgIRANc4v6aADhHvlvkCQqwSAAMwDQYJKoZIhvcNAQELBQAwbzELMAkGA1UEBhMCUlUxPzA9BgNVBAoMNlRoZSBNaW5pc3RyeSBvZiBEaWdpdGFsIERldmVsb3BtZW50IGFuZCBDb21tdW5pY2F0aW9uczEfMB0GA1UEAwwWUnVzc2lhbiBUcnVzdGVkIFN1YiBDQTAeFw0yNDEwMDExNjA0MzBaFw0yNDEyMzAxNjA0MzBaMCYxCzAJBgNVBAYTAlJVMRcwFQYDVQQDDA5udWMudm9za2hvZC5ydTCCASIwDQYJKoZIhvcNAQEBBQADggEPADCCAQoCggEBAK0fh2nqf/ypfMzSQXESnhOzcRyZzK4BSEyrtNgW3Lo8+43EH3MIoXBuzc9uNQnIjxf7CoOA03bGruW0IXmSxUyyjdzQUBa3rMJWSktLtbrqYufJW9z2Y2tjTG6cw3R4CW1Y5qvpjukoalVUzVGZq+LdQOY+pmtDJcosB2EphaSrDxyTohUPtg29lbj6cKBgypU8KQk73sgmJ8cYYWoMjBAijZEsxOaG6brQwGL9vE4Z6hZAGgChiWFhAffwOz7JtfBLkZ7x5A5AqCc9PFJWAWqibjqAf2kdz+WWLUJfxVjFVn2l5GLZDKyec1ul75RTZHR0MRaMEffypZiDPGMkr18CAwEAAaOB8DCB7TAdBgNVHQ4EFgQUBvumdT0cKwjWBvV9nKyUSS+btSQwHwYDVR0jBBgwFoAUdz3ZOa9Cvdxbynbq7v3OPmEpMF8wWQYDVR0fBFIwUDAkoCKgIIYeaHR0cDovL251Yy1jZHAudm9za2hvZC5ydS9jZHAvMCigJqAkhiJodHRwOi8vbnVjLWNkcC5kaWdpdGFsLmdvdi5ydS9jZHAvMAsGA1UdDwQEAwIFoDAZBgNVHREEEjAQgg5udWMudm9za2hvZC5ydTATBgNVHSUEDDAKBggrBgEFBQcDATATBgorBgEEAdZ5AgQDAQH/BAIFADANBgkqhkiG9w0BAQsFAAOCAgEADmtL3pCMo5B/XOgLcQRgYIXvGxqGje4AUxD9udXmHqjt8YTC2hPm3JCZbmZ+5xrWZQPrsbATZzCT47iY/G025tfKjzcwhw6mRYV8g2wBJbzw87fEMLczZ2f9iWksnp9L6c7t26ffNFWyQVxtRy2D8iVmfWO6szYPDuz4wvmsPN7MDkhF2ynH3toGOr6lznvU57QDCZboYmjktoAvggqJh0gVvkbff/aVwfDEZn7+WYyWEk3NoGw/JySJFyXxWM37T+gsIr4RemG2EFOCSddlq9/k3eE/nY19f++L1w7slw1MV4lBy6cnW/WF0MvHiC7FERqRpv0+OeiT2PdPW/iUSbTFUNivEmCKQ4Wt/SYLFp7xXZfWP5BIkjqLWKu+ltfv6o5uyf7GBOJMhs0tF659HOLMctTL+o3FJ/CUlwGVvQVRXnl7YWi2l+gE2EkOI1KU5/8qA63Uk6d8om8PQidgbAMgUkzwIM0ADpCLTY/TudxSlzfcy1/cAh/hkh+sOEEgLHwYm0foZfEB8H7b/p+bYAiLp3026oLH9ojjM5V948qDPFoLKYIfk7Y9AjNhtklgMQxnFZs2BQLQKoyfMZddNrfwWo2PXcWJYVfyyqE6PyBXxmZh5ZUL5Q9Xzq0Bk3uUibhhK+r0UAGOSOvCEiQDhqm/hDsRPfw7pdi783baphw=
has6070248.nichost.ru,Russian Trusted Sub CA,ED74A7CA129611EF8C3D0242AC1D0003,4843,MDC,2024,precert,2024-05-15 08:41:31.053,4882,VK,2024,precert,2024-05-15 08:41:31.053,MIIFfzCCA2egAwIBAgIRAO10p8oSlhHvjD0CQqwdAAMwDQYJKoZIhvcNAQELBQAwbzELMAkGA1UEBhMCUlUxPzA9BgNVBAoMNlRoZSBNaW5pc3RyeSBvZiBEaWdpdGFsIERldmVsb3BtZW50IGFuZCBDb21tdW5pY2F0aW9uczEfMB0GA1UEAwwWUnVzc2lhbiBUcnVzdGVkIFN1YiBDQTAeFw0yNDA1MTUwODQxMzFaFw0yNDA4MTMwODQxMzFaMC0xCzAJBgNVBAYTAlJVMR4wHAYDVQQDDBVoYXM2MDcwMjQ4Lm5pY2hvc3QucnUwggEiMA0GCSqGSIb3DQEBAQUAA4IBDwAwggEKAoIBAQDCz1VxKmnRLyzDmJIQ7CV8f2rEBMQwdr7jW8kJNOUS5ZNv8Nswt2ZirL5+jmdz7ax06I4XS2hiCJrlfORQ5QdiLs0oEQ8LrOQad8z+Nz5FBBcKCie/K941t3eHGlU4LdzUE6y7i6sARqmEXPfvPkyHPf6NL5gMgkYWAIcW5SoKJ3jGTx5ajxghA6koScrNWbQckRmXwTu0jncpOu1RhIFfakw681D7lKRfIhOCWeN6VZWie3lUrMwH1zSCOn6VAs5uROhAxQImgerP+zHxWtupn4oXwFEUbn2gLJfS0ZU1DleW2Fl/En9Wd4FLG7nmkVAZ2YdwqmMMu01fSpKYvpNDAgMBAAGjggFWMIIBUjAdBgNVHQ4EFgQUMEWenxtRrchQetq6kJtFwP1LqlUwHwYDVR0jBBgwFoAU0eFxDQstgU5uikqPTCOzTF6raQswgbYGA1UdHwSBrjCBqzA3oDWgM4YxaHR0cDovL3Jvc3RlbGVjb20ucnUvY2RwL3N1YmNhX3NzbF9yc2EyMDIyX2R2LmNybDA3oDWgM4YxaHR0cDovL2NvbXBhbnkucnQucnUvY2RwL3N1YmNhX3NzbF9yc2EyMDIyX2R2LmNybDA3oDWgM4YxaHR0cDovL3JlZXN0ci1wa2kucnUvY2RwL3N1YmNhX3NzbF9yc2EyMDIyX2R2LmNybDALBgNVHQ8EBAMCBaAwIAYDVR0RBBkwF4IVaGFzNjA3MDI0OC5uaWNob3N0LnJ1MBMGA1UdJQQMMAoGCCsGAQUFBwMBMBMGCisGAQQB1nkCBAMBAf8EAgUAMA0GCSqGSIb3DQEBCwUAA4ICAQCgOyTNb3WfTm6pNfPxwQ3EHA+j78M2NX2aSiYq/Ch6h0Z9g0Mjxs/UNaNXztVqYY7HCA/DQbu6P5YxB1XGg/scN006jyZIzYu8ZqUiZSJ+3xzz0nGsV3LIOs/YiteBA9lWc+nWMj/J0/xqsJb9qxvN9eaIueIecSLXV0Qeep9EfIiLKx+yBSpqKbeOpDS5vkg6k/zYR3h1SfdtS9YpLu/xMLSst/GDOmSOjI5Oz/NxKmCAdIjmnuzJjLv/hNiPT8MTXKeepOIR//XC6BGSbyCd3cfI3HKpE565RkbKKIdTicrvUx9UckgXGByaihMLEripMbBcnetB+2tHXuU4IWC+Wz1F+8+U/HreQ0sQ7tJmfqv+o1W8pkG1BBaAT/TPGhBDt7SsXd6ClekTFt8Bzmzk/+uezsmhI2FOsG875bJEaEB3F8gQuwow/ol6q3Thh6bKBPHl7sp2XsNcuogzvSmdxPF6aMY78AICB9wZhTaEFxQaIRKg6tideH+R5meUHSbzVd/Cjv2DqFe7Sup3gKM4ggJx1h9vGu+Wdur1BEYUPdZZ75psXjPmhNRBTsuuKwTe+frT7Q3QLOm+2/5iG65Wf4KGuYVsbaAFQZffVVsoXXYKW3LQxVPguFdmR1ayIrMbLnF8ojxIe1W4NUb1ysJaa8pHCIXpuaf2ZaRNiMqeRA==
centrkulturi.ru,Russian Trusted Sub CA,4BBB1867F0611EF9A8B0242AC120002,4981,MDC,2024,precert,2024-09-30 08:28:49.810,5095,VK,2024,precert,2024-09-30 08:28:49.810,MIIFcjCCA1qgAwIBAgIQBLuxhn8GEe+aiwJCrBIAAjANBgkqhkiG9w0BAQsFADBvMQswCQYDVQQGEwJSVTE/MD0GA1UECgw2VGhlIE1pbmlzdHJ5IG9mIERpZ2l0YWwgRGV2ZWxvcG1lbnQgYW5kIENvbW11bmljYXRpb25zMR8wHQYDVQQDDBZSdXNzaWFuIFRydXN0ZWQgU3ViIENBMB4XDTI0MDkzMDA4Mjg0OVoXDTI0MTIyOTA4Mjg0OVowJzELMAkGA1UEBhMCUlUxGDAWBgNVBAMMD2NlbnRya3VsdHVyaS5ydTCCASIwDQYJKoZIhvcNAQEBBQADggEPADCCAQoCggEBAL4eqTVMGuZ9Kl2efz5ojJ/sE6QtItJQkE+AxQWZP+nKyl/VoCVee/EYiM4T+zE+VGYlsaY6Jf+GfS72cV8EhTPP/rAhQhDMzCiQ2UjpF4aTeL477p4UTypr3oJlWi8NZl/TPcMQvpYlBCRxrGqFL3Cq+JcKtSJs8wo2cxTuQaz39eFnf/zY1i2NilGDKxjSbpAO0NadIufu8vTre9Mgocl+vL0crCZtD2JSlIbA8VE+zC0DR+U0fz5IjTQnol5d8zx6XvGcFkuN3e7kOZapAFaRUItKQGwqmpMx8vKtPaH6ZG3injN4ageiH+zlzjslywHk2T1P3Hxh27fJO7498E0CAwEAAaOCAVAwggFMMB0GA1UdDgQWBBSCnAXqkbQcUgBOWU58jn4irS+pgjAfBgNVHSMEGDAWgBTR4XENCy2BTm6KSo9MI7NMXqtpCzCBtgYDVR0fBIGuMIGrMDegNaAzhjFodHRwOi8vcm9zdGVsZWNvbS5ydS9jZHAvc3ViY2Ffc3NsX3JzYTIwMjJfZHYuY3JsMDegNaAzhjFodHRwOi8vY29tcGFueS5ydC5ydS9jZHAvc3ViY2Ffc3NsX3JzYTIwMjJfZHYuY3JsMDegNaAzhjFodHRwOi8vcmVlc3RyLXBraS5ydS9jZHAvc3ViY2Ffc3NsX3JzYTIwMjJfZHYuY3JsMAsGA1UdDwQEAwIFoDAaBgNVHREEEzARgg9jZW50cmt1bHR1cmkucnUwEwYDVR0lBAwwCgYIKwYBBQUHAwEwEwYKKwYBBAHWeQIEAwEB/wQCBQAwDQYJKoZIhvcNAQELBQADggIBAOclNl+knj2DBVHPNDVdOzNfZPshrSHLkuiEmlccBJblh59jyayfUIwdmoOxUfcSsv90Bi1R2X7ipjowDAoEFCB8ujx9eJQ5tJOShkba5e3JuF5gNQz4RvCLRL9HpFU3D4rgiAjM73qmmAWavgi0Lf7fPoBGRCRIfmzoPwGwIbooCZ6HMC7a6IvRFhx+7DSHzLPfXODzpBurLOVAVVHT3xkkM47x/dAuMNz5eDz7Nziy1RWL8rvTIZGgiKe1I6y6OAhDAkbPsKoJZmUGHHvQB6WOlASyG+xr0jypoTa0oQXGKriD9SeiaV9tOL0fYtPGkPvzVtwGZ1vv8NpwRPlFqIgmz/yodayrQIXHS8ilp6N7l0OF2ajK74g3fDV6Zv0AodRyTZyJFJanKVKLaDdXGdxK6fy/HB48u4ws/KdnOXvGUyMPVzIXZbj9O0+2JXnawWAWUhp7D8pfgxco2oCu/xYieZpu2ylBXJh0HmU2PV266ngkBve84QubYehCGR7hO7SQb0tKCslTY4ka7JstFCuxvbVkTQ2P7owKmsyUfC0HvpfStuTihZeKb/WgyLyNxSOCY8ufpoPsNT5ckGHiF54gYNCj3lvQ2CRikHibLnHZ8Gi+IB33lgsRx2EdrMYeQ1N5/z8J3yEbk0hG6Igdu3gorfFCnnZn2AFtGbgZVPfO
dvneomed.ru,Russian Trusted Sub CA,A0D98E3E6A9411EF9A6F0242AC130004,3749,MDC,2025,precert,2024-09-04 08:06:45.859,4952,MDC,2024,precert,2024-09-04 08:06:45.859,MIIFdTCCA12gAwIBAgIRAKDZjj5qlBHvmm8CQqwTAAQwDQYJKoZIhvcNAQELBQAwbzELMAkGA1UEBhMCUlUxPzA9BgNVBAoMNlRoZSBNaW5pc3RyeSBvZiBEaWdpdGFsIERldmVsb3BtZW50IGFuZCBDb21tdW5pY2F0aW9uczEfMB0GA1UEAwwWUnVzc2lhbiBUcnVzdGVkIFN1YiBDQTAeFw0yNDA5MDQwODA2NDVaFw0yNDEyMDMwODA2NDVaMCMxCzAJBgNVBAYTAlJVMRQwEgYDVQQDDAtkdm5lb21lZC5ydTCCASIwDQYJKoZIhvcNAQEBBQADggEPADCCAQoCggEBAMI0y85h8jA/vGVz49xUSdCzTNClbn/xH1iPRZUTOR+xzVi8BLtxva6luXHakv+sPr4rv96tou5fr7YIhZNJnkNTkdtbpXLfCWlOnd8tT6yRGdV7tYQdORt6BIrlq83Znd+jvujIpf248coOw5130SFZd7qdWJaM3fzba6zHgqZb9Me+Xra56kIEDUxg3oQQ7eckN1cb1anIoD5T8NmQnbO8Jp35K4HmMlHelaPE6/pF0Locq8Gjbu285Xm6/jdegYMywqAacA+bcAgSk4gE4MN54H/sQUBsB3Ru+cbPDmy1Z95NVR5FSWkAMl15TbE53bs+2vPVYf+OQnASGmoj+ZkCAwEAAaOCAVYwggFSMB0GA1UdDgQWBBQqYzOxmcNXZeqzz9mvXXUjlkYbIjAfBgNVHSMEGDAWgBTR4XENCy2BTm6KSo9MI7NMXqtpCzCBtgYDVR0fBIGuMIGrMDegNaAzhjFodHRwOi8vcm9zdGVsZWNvbS5ydS9jZHAvc3ViY2Ffc3NsX3JzYTIwMjJfZHYuY3JsMDegNaAzhjFodHRwOi8vY29tcGFueS5ydC5ydS9jZHAvc3ViY2Ffc3NsX3JzYTIwMjJfZHYuY3JsMDegNaAzhjFodHRwOi8vcmVlc3RyLXBraS5ydS9jZHAvc3ViY2Ffc3NsX3JzYTIwMjJfZHYuY3JsMAsGA1UdDwQEAwIFoDAWBgNVHREEDzANggtkdm5lb21lZC5ydTAdBgNVHSUEFjAUBggrBgEFBQcDAQYIKwYBBQUHAwIwEwYKKwYBBAHWeQIEAwEB/wQCBQAwDQYJKoZIhvcNAQELBQADggIBAHcVPFjK1OtZaEs31OBUXrxjEGxjPEo93aCM23yFSnERr+hmsyFfU1yXW1B9ONAztMNKk9oNrPyOxrqn+Pvv/WHiPJrB02ewZneRlF824lSfC93JLg1sX+TwkO1wzxmKZ+ssXx8tLFiMrF9OmEzTDmDZZABeZt8BYGDPwfobLn0Wl6NQ1czz5yBVmMprA6ZgZ5/TdSfeymHrsaN7WWLRxOMuLisgVfkmkCE1CWioMoUKNxdf9cbskl4hhOp2/eynNREbDWSMCfjv+32ZkNSAt5wSP0dvqBKEvAMjSdsBXxFNaIvGJqYYA+j4qb0G5BExF2weYns1hNDloQN2sStLFBuzDeAIOm0R8H3UPRMlqSWylswKQru2j8iqh/wUkf8ku1y9i576dpaj1LbD4FU/MSWINkgGHAegkg4GRIQx4amOlr2rJmkb0exT0qyiSft1JHMtoKOhL8b5kGgPHJBCLQ+/rUo1B9adyKOfBDSnA2lC0dsSa8nirUyp6eW/7YOwsynLc5spUMMuLskrhm1RA56CNWFCO0kZ160lwA2bmEGLXHwlSPeobpNDuA4x3/cjAXQfBh3x1YNURfp3PSeK5PLak8o5++PU+eBLFXUNSnKqOf27N+4Sdml8k/aXCZSXT+2W78BdTVjnzr6ZLocL+wd6PHuYqjrx/rxsTcoISX0F
